Z,INCOME,SAVINGS,DEBT,R_SAVINGS_INCOME,R_DEBT_INCOME,R_DEBT_SAVINGS,R_EDUCATION_INCOME,R_EXPENDITURE_SAVINGS,R_EXPENDITURE_INCOME,CAT_MORTGAGE,R_ENTERTAINMENT_INCOME,R_GROCERIES_INCOME,CREDIT_SCORE,DEFAULT
C02COQEVYU,33269,0,532304,0,16,1.2,0,0,1,0,0.0922,0.1458,444,1
C02OZKC0ZF,77158,91187,315648,1.1818,4.0909,3.4615,0,0.7692,0.9091,0,0.2235,0.0677,625,0
C03FHP2D0A,30917,21642,534864,0.7,17.3,24.7142,0,1.4286,1,0,0.1168,0.1402,469,1
C03PVPPHOY,80657,64526,629125,0.8,7.8,9.7499,0.0546,1.25,1,0,0.1667,0.0564,559,0
C04J69MUX0,149971,1172498,2399531,7.8182,16,2.0465,0,0.1163,0.9091,1,0.0346,0.2321,473,0
C04Q46QKOG,181636,339055,1695274,1.8667,9.3334,5,0.0313,0.3571,0.6667,0,0.1202,0.1364,596,0
C069MLDS7X,60881,42617,383550,0.7,6.3,8.9999,0,1.4286,1,0,0.1686,0.0527,580,0
C07VC05Z4R,220838,186863,2225362,0.8462,10.0769,11.9091,0,0.9091,0.7692,0,0.1623,0.1274,596,0
C0CLKGEG1L,78615,62892,110061,0.8,1.4,1.75,0,1.25,1,0,0.3044,0.1021,638,0
C0DYD1C2G1,174000,1502729,411273,8.6364,2.3636,0.2737,0,0.1053,0.9091,1,0.0499,0.2637,636,0
C0E07GT6D1,193225,1410542,2589215,7.3,13.4,1.8356,0.1727,0.137,1,0,0.0634,0.3302,552,0
C0EOQXXNNB,98937,89043,742028,0.9,7.5,8.3334,0.051,1.1111,1,0,0.2052,0.0527,538,1
C0F4LCF4BH,14291,207220,20007,14.5,1.4,0.0965,0,0.069,1,0,0.253,0.31,624,1
C0FG8K3OV2,166965,400716,678991,2.4,4.0667,1.6944,0.0214,0.2778,0.6667,0,0.0811,0.0885,582,0
C0GE5SFY2G,209348,209348,1084801,1,5.1818,5.1818,0.0429,0.9091,0.9091,1,0.1298,0.0474,602,0
C0H3H2TKKY,82618,859227,132189,10.4,1.6,0.1538,0,0.0962,1,0,0.1134,0.1541,636,0
C0IDR4CM79,56930,404832,56930,7.111,1,0.1406,0,0.1562,1.1111,1,0.1223,0.1485,651,0
C0IXKYKMRL,35512,17756,273442,0.5,7.7,15.4,0.1041,2,1,0,0.3164,0.1143,548,0
C0JCQCXNXT,0,57923,57923,5.2158,9.2061,1,0.0276,0.2632,1.0628,0,0.2572,0.11,576,0
C0JKTNB2TD,25301,232310,23001,9.1819,0.9091,0.099,0,0.099,0.9091,0,0.107,0.1517,593,0
C0K3Z24G8I,378893,622467,1975657,1.6429,5.2143,3.1739,0.0222,0.4348,0.7143,0,0.0844,0.0911,563,1
C0KC053WZW,6789,3879,0,0.5714,0,0,0,2.5001,1.4285,0,0.3624,0.0645,599,0
C0MI6LD2MJ,11371,91999,9303,8.0907,0.8181,0.1011,0,0.1124,0.9091,0,0.2554,0.2862,673,0
C0PTXJAE8V,81157,14756,81157,0.1818,1,5.4999,0,4.9999,0.9091,0,0.3269,0.1268,646,0
C0Q3WMNWFK,126790,369803,1215067,2.9167,9.5833,3.2857,0.0344,0.2857,0.8333,0,0.1279,0.1174,581,0
C0SQRDFFQJ,189395,206612,671490,1.0909,3.5454,3.25,0.0494,0.8333,0.9091,0,0.1504,0.0439,633,0
C0TALH5KLT,26754,16052,179252,0.6,6.7,11.167,0,1.6667,1,0,0.3389,0.1106,566,0
C0TDWDICDY,113172,833360,967110,7.3637,8.5455,1.1605,0,0.1235,0.9091,0,0.0762,0.4957,596,0
C0TLIMKF6J,0,55493,96098,5.2251,5.5207,1.7317,0.1645,0.2439,0.8205,0,0.2694,0.2173,623,0
C0U8XZDDOH,60213,876429,73593,14.5555,1.2222,0.084,0,0.0763,1.1111,0,0.1679,0.1721,630,1
C0VFGMXCSY,49201,44281,226325,0.9,4.6,5.1111,0.0597,1.1111,1,0,0.1834,0.0613,624,0
C0XPGEXHTU,364432,1027036,2285984,2.8182,6.2727,2.2258,0.0974,0.3226,0.9091,1,0.0573,0.2293,597,0
C0XX9E31V4,122247,48899,1014650,0.4,8.3,20.7499,0,2.5,1,0,0.2431,0.0818,581,0
C0YWSHXQ6S,276482,1543693,23040,5.5833,0.0833,0.0149,0.1233,0.1493,0.8333,0,0.0435,0.2542,670,0
C0ZGQ31QU3,455849,1329559,1063647,2.9167,2.3333,0.8,0,0.2857,0.8333,1,0.12,0.0918,645,1
C100A9BNEE,22231,244541,37793,11,1.7,0.1545,0,0.0909,1,0,0.0931,0.1401,616,1
C13TFY2W0E,199356,398712,398712,2,2,1,0,0.4167,0.8333,0,0.1256,0.1384,632,0
C157QHWMOM,62978,377870,108781,6,1.7273,0.2879,0,0.1515,0.9091,0,0.1032,0.1033,639,0
C1DR8RYO0F,0,6979,6611,4.8507,11.3973,0.9473,0.0179,0.5263,1.1253,0,0.1527,0,490,0
C1E91TINGW,167342,669370,1073780,4,6.4167,1.6042,0,0.2083,0.8333,0,0.232,0.1874,555,0
C1EO8P62U5,29647,438776,41506,14.8,1.4,0.0946,0,0.0676,1,0,0.1308,0.1756,644,1
C1I0JM3J6J,22191,254192,14122,11.4547,0.6364,0.0556,0,0.0794,0.9091,0,0.1129,0.1603,642,0
C1IP5PJ22J,39989,383894,11997,9.6,0.3,0.0313,0,0.1042,1,0,0.1123,0.1346,630,0
C1J68EOLWI,68682,611892,49950,8.9091,0.7273,0.0816,0,0.102,0.9091,1,0.1312,0.1236,695,0
C1KAX16QFA,0,5872,23487,4.9623,16.4324,3.9998,0,0.9091,0.7763,0,0.2429,0.1379,462,1
C1MCCK6ROE,257356,857852,793513,3.3333,3.0833,0.925,0,0.25,0.8333,0,0.1239,0.1265,654,0
C1N0CMN0KL,165726,1446336,708102,8.7273,4.2727,0.4896,0,0.1042,0.9091,0,0.0506,0.3223,577,0
C1O5ATWH88,88428,405295,36845,4.5833,0.4167,0.0909,0,0.1818,0.8333,0,0.0349,0.3121,652,0
C1TMB5NMB4,8147,741,216996,0.091,26.6351,292.8421,0.3227,9.9946,0.909,0,0.169,0.1749,407,0
C1UGBSYMRJ,105049,183836,595279,1.75,5.6667,3.2381,0,0.4762,0.8333,0,0.1215,0.1083,545,0
C1VKCAMWP1,337587,882919,1921647,2.6154,5.6923,2.1765,0,0.2941,0.7692,0,0.1065,0.1143,699,0
C1VY8O3SPZ,445075,1051996,3439219,2.3636,7.7273,3.2692,0.0223,0.3846,0.9091,1,0.1254,0.1016,453,1
C1WU940IZW,82444,16489,486420,0.2,5.9,29.4997,0,4.9999,1,1,0.312,0.0674,590,0
C1XHW1POG6,106005,752636,773836,7.1,7.3,1.0282,0,0.1408,1,0,0.0431,0.3677,529,0
C1XYQGZ7YG,68418,373188,74638,5.4545,1.0909,0.2,0,0.1667,0.9091,0,0.1427,0.1114,630,0
C1YHMBQFS8,202715,827752,3361687,4.0833,16.5833,4.0612,0,0.2041,0.8333,1,0.0351,0.2206,475,1
C20CBBCVCU,17834,116914,37650,6.5557,2.1111,0.322,0,0.1695,1.1111,0,0.1421,0.1454,644,0
C22I09SSOP,183630,535588,1943418,2.9167,10.5833,3.6286,0,0.2857,0.8333,0,0.0278,0.2507,541,1
C283FM1PPN,0,18054,54162,2.1847,7.0299,3,0.1017,0.5,0.8461,0,0.1764,0.1102,562,0
C297LLFJAJ,152243,478478,772090,3.1429,5.0714,1.6136,0.0306,0.2273,0.7143,0,0.1165,0.1154,599,0
C29HCTA0VF,31753,346392,49072,10.909,1.5454,0.1417,0,0.0833,0.9091,0,0.1305,0.1127,601,0
C29N1DWJXJ,297745,893235,1020840,3,3.4286,1.1429,0,0.2381,0.7143,0,0.1209,0.1167,588,0
C2C57M3YA9,197073,1021195,1863233,5.1818,9.4545,1.8246,0.1036,0.1754,0.9091,1,0.0374,0.2146,572,0
C2F3X6KAG1,45142,45142,126398,1,2.8,2.8,0.1282,1,1,0,0.4575,0.1197,608,0
C2FKNTXI7M,0,16496,19795,8.6892,3.5695,1.2,0.1252,0.5,0.872,0,0.1345,0.2087,596,1
C2GD9N4IZA,189857,348071,996748,1.8333,5.25,2.8636,0,0.4545,0.8333,0,0.0979,0.1178,617,0
C2GP7RIICV,87990,223975,63993,2.5455,0.7273,0.2857,0,0.3571,0.9091,0,0.0408,0.2398,631,0
C2QDTLDUW3,545667,873067,4983759,1.6,9.1333,5.7083,0,0.4167,0.6667,1,0.0656,0.0872,538,1
C2RE8P1DQD,230770,609893,725278,2.6429,3.1429,1.1892,0,0.2703,0.7143,0,0.1083,0.1004,638,0
C2RXUZY60M,74577,522039,149154,7,2,0.2857,0,0.1429,1,0,0.1175,0.1604,584,1
C2SXH15B7K,98229,392916,1241256,4,12.6363,3.1591,0.0447,0.2273,0.9091,0,0.1703,0.206,517,1
C2WIGBDCRO,224036,936877,1120180,4.1818,5,1.1957,0,0.2174,0.9091,1,0.0403,0.3099,636,0
C2XCEM6G8W,295637,665183,2833186,2.25,9.5833,4.2593,0,0.3704,0.8333,1,0.0297,0.2281,585,1
C2YW1WUDAE,39822,50683,242553,1.2727,6.0909,4.7857,0.06,0.7143,0.9091,0,0.1802,0.0499,582,0
C2YXE7PUHM,85809,288630,312032,3.3636,3.6364,1.0811,0.1598,0.2703,0.9091,0,0.0435,0.2874,613,0
C2ZE9A87BY,371850,2738164,405654,7.3636,1.0909,0.1481,0.0968,0.1235,0.9091,1,0.0262,0.2105,716,0
C311LUGZRH,287128,242955,3136326,0.8462,10.9231,12.9091,0.0231,0.9091,0.7692,0,0.0888,0.0951,519,0
C36K3R2B44,35947,330712,0,9.2,0,0,0,0.1087,1,0,0.1143,0.1397,648,1
C373C9WCQB,461420,1417220,3229943,3.0714,7,2.2791,0.0213,0.2326,0.7143,1,0.0812,0.088,740,0
C37QIJOSDU,53691,10738,263086,0.2,4.9,24.5005,0,5.0001,1,1,0.2087,0.0567,616,1
C384PVSZ9T,21767,166219,35618,7.6363,1.6363,0.2143,0,0.119,0.9091,0,0.2024,0.2761,619,0
C386Q2UUKB,0,29214,113782,0,8.8039,3.8948,0.2417,0.5263,0.8629,0,0.1764,0.1543,582,0
C39B4IKK53,99273,148910,89346,1.5,0.9,0.6,0,0.6667,1,0,0.2927,0.0963,676,0
C3AEUELIY4,177977,161797,453032,0.9091,2.5455,2.8,0.0457,1,0.9091,0,0.1362,0.0561,625,0
C3BAYT7JDN,42727,371725,81181,8.7,1.9,0.2184,0,0.1149,1,1,0.0994,0.1355,603,1
C3BTU56AAH,124887,133213,266426,1.0667,2.1333,2,0,0.625,0.6667,0,0.1429,0.188,593,1
C3EF5TDXN3,28444,173249,36201,6.0909,1.2727,0.209,0,0.1493,0.9091,0,0.1049,0.156,553,1
C3H8GW7C04,557523,1154870,2349563,2.0714,4.2143,2.0345,0.0183,0.3448,0.7143,1,0.0705,0.0745,732,0
C3HCLE1DRY,0,9707,29929,0,8.0201,3.0832,0.0103,0.8333,0.6913,0,0.035,0.169,500,1
C3NCRZ1IUQ,270296,602968,2099992,2.2308,7.7692,3.4828,0.0211,0.3448,0.7692,1,0.0807,0.0878,603,0
C3ODDHNOVM,163513,252702,758105,1.5455,4.6364,3,0,0.5882,0.9091,0,0.2443,0.161,612,0
C3ODGU8YXC,163528,572348,1896925,3.5,11.6,3.3143,0,0.2857,1,0,0.0635,0.5635,504,0
C3R1QL1X40,114054,725795,684321,6.3636,6,0.9429,0,0.1429,0.9091,1,0.0317,0.2414,603,1
C3ROBBPHCZ,56657,442952,51506,7.8181,0.9091,0.1163,0,0.1163,0.9091,0,0.1107,0.1345,635,1
C3T8YF5SQA,67827,776239,82899,11.4444,1.2222,0.1068,0,0.0971,1.1111,0,0.1381,0.1867,639,0
C3TS8Y4O0V,88276,105931,635587,1.2,7.2,6,0,0.8333,1,0,0.1983,0.067,564,0
C3UCLV7RVH,123364,185046,1122612,1.5,9.1,6.0667,0,0.6667,1,0,0.2838,0.086,535,0
C3UTGPU7LW,64249,147773,1278555,2.3,19.9,8.6522,0.1621,0.4348,1,0,0.0433,0.3322,447,1
C3VO9SYOW6,174117,411549,2311005,2.3636,13.2727,5.6154,0.0308,0.3846,0.9091,0,0.1166,0.116,552,0
C41ADEN33W,113584,435404,870808,3.8333,7.6666,2,0,0.2174,0.8333,0,0.1901,0.1437,541,1
C448YFIZIR,0,5078,48245,6.3284,9.7604,9.5008,0.0655,1.2501,0.8445,0,0.3212,0.2216,548,0
C46KSYX7EO,169985,538285,1501532,3.1667,8.8333,2.7895,0.0369,0.2632,0.8333,0,0.184,0.1669,573,0
C47X4FRYZW,30500,206723,30500,6.7778,1,0.1475,0,0.1639,1.1111,0,0.1151,0.141,644,0
C49NUIILV5,245854,770344,655612,3.1333,2.6667,0.8511,0.0277,0.2128,0.6667,0,0.1059,0.1053,714,0
C49S0DC5D8,156316,203211,1078580,1.3,6.9,5.3077,0,0.7692,1,1,0.2289,0.0663,559,0
C4ALDZHZ9J,392466,1298157,3200108,3.3077,8.1538,2.4651,0.0217,0.2326,0.7692,0,0.0836,0.0957,515,0
C4BHCCS6R6,0,87105,40773,3.67,2.8316,0.4681,0,0.2128,1.1277,0,0.3024,0.1583,556,0
C4EJLTBMYB,174554,1221878,2059737,7,11.8,1.6857,0.1467,0.1429,1,0,0.0391,0.3139,540,1
C4HOGXNJM0,0,47686,22321,7.1125,11.6049,0.4681,0.017,0.2128,1.2226,0,0.3251,0.086,544,1
C4I4XMZC0P,32790,366651,47694,11.1818,1.4545,0.1301,0,0.0813,0.9091,0,0.1206,0.1486,605,0
C4J3E9TQZD,19242,16836,98613,0.875,5.1249,5.8573,0.3511,1.4286,1.25,0,0.1328,0.1875,647,1
C4KND3RVCP,54779,59759,453171,1.0909,8.2727,7.5833,0,0.8333,0.9091,0,0.138,0.0513,548,0
C4M9VSRW40,158860,303278,1588598,1.9091,10,5.2381,0.1045,0.4762,0.9091,0,0.0279,0.2159,563,1
C4NPELEDLR,188522,616982,1233965,3.2727,6.5455,2,0,0.2778,0.9091,0,0.1024,0.1141,546,1
C4NZ0319ZT,433903,1814502,3629004,4.1818,8.3636,2,0,0.2174,0.9091,0,0.1324,0.0973,598,1
C4PWSR0X4F,48754,224268,667930,4.6,13.7,2.9783,0,0.2174,1,0,0.0754,0.552,539,0
C4Q5IYMJW4,309626,2702189,2279972,8.7273,7.3636,0.8438,0,0.1042,0.9091,1,0.0458,0.2362,520,1
C4RLIQ9D68,85848,788244,62435,9.1819,0.7273,0.0792,0,0.099,0.9091,1,0.093,0.1265,637,1
C4S93WITPG,12615,7884,466762,0.625,37.0006,59.2037,0.3616,2.0001,1.25,0,0.1362,0.1646,389,1
C4SCZ0AXF3,25331,322392,39148,12.7272,1.5455,0.1214,0,0.0714,0.9091,0,0.1556,0.1906,629,0
C4W41JNE9C,2783,1855,0,0.6665,0,0,0.0776,2.5003,1.6665,0,1.3974,0.1545,570,0
C4WE469WG0,28329,181306,39661,6.4,1.4,0.2188,0,0.1562,1,0,0.096,0.1259,650,0
C4XMSGPM3M,55865,50278,502785,0.9,9,10.0001,0,1.1111,1,0,0.22,0.0784,547,0
C4Y2Z0N6F4,60744,747151,6074,12.3,0.1,0.0081,0,0.0813,1,0,0.1091,0.1354,627,0
C4ZT2VG3Q0,17783,247184,14226,13.9,0.8,0.0576,0,0.0719,1,0,0.1436,0.1552,683,0
C521B3X1NS,257093,237317,850385,0.9231,3.3077,3.5833,0,0.8333,0.7692,1,0.147,0.1815,614,1
C55Q1QEAQ9,95946,759572,239865,7.9167,2.5,0.3158,0.1688,0.1053,0.8333,0,0.0454,0.3859,623,0
C562D73YDK,92891,139336,371564,1.5,4,2.6667,0.0881,0.6667,1,1,0.2679,0.0998,608,1
C564B168K4,150768,41119,1000553,0.2727,6.6364,24.3331,0,3.3333,0.9091,0,0.2565,0.0588,549,0
C56CX1WRAL,13271,2654,290635,0.2,21.9,109.5083,0.3905,5.0004,1,0,0.2023,0.2077,439,1
C56HT93U17,386976,1250231,654883,3.2308,1.6923,0.5238,0,0.2381,0.7692,0,0.113,0.1096,562,0
C593WVKN4X,89013,80112,854525,0.9,9.6,10.6666,0,1.1111,1,0,0.152,0.0546,550,1
C5B49IMGXW,29458,23566,288688,0.8,9.8,12.2502,0,1.25,1,0,0.1554,0.1619,485,1
C5B7Z06C8F,295259,840351,2657327,2.8461,9,3.1622,0,0.2703,0.7692,0,0.0941,0.1039,603,1
C5E2NVEHCK,159746,261403,319493,1.6364,2,1.2222,0.0599,0.5556,0.9091,0,0.1836,0.0579,637,0
C5FNC1DMDV,16232,3246,412293,0.2,25.4,127.0157,0.261,5.0006,1,0,0.0993,0.1386,396,1
C5GAZWY340,179326,435506,1306518,2.4286,7.2857,3,0,0.2941,0.7143,0,0.0753,0.0944,587,0
C5GKDSM9NW,7501,2500,0,0.3333,0,0,0,3.3336,1.1111,0,0.9585,0.1172,627,0
C5IOLMPHJL,332986,880034,2449824,2.6429,7.3571,2.7838,0,0.2703,0.7143,0,0.0993,0.1073,640,0
C5IUBZWZKO,24442,157762,13332,6.4545,0.5455,0.0845,0,0.1408,0.9091,0,0.1445,0.1175,612,0
C5JQOBBP5Y,19798,22272,138583,1.125,6.9998,6.2223,0,1.1111,1.25,0,0.1459,0.2275,575,0
C5KBEUQLYY,65690,65690,302174,1,4.6,4.6,0,1,1,0,0.2511,0.0716,550,0
C5MV7WWULA,79805,348240,224905,4.3636,2.8182,0.6458,0,0.2083,0.9091,0,0.148,0.2008,551,0
C5NHFIUE1I,122275,442073,799493,3.6154,6.5385,1.8085,0,0.2128,0.7692,0,0.0816,0.0894,557,0
C5NPA62PUQ,240892,306590,766476,1.2727,3.1818,2.5,0.0351,0.7143,0.9091,0,0.1278,0.0468,554,0
C5ORUK2LLQ,30367,343147,36440,11.3,1.2,0.1062,0,0.0885,1,0,0.1258,0.1284,628,1
C5UDU8LSNI,120396,953135,1956435,7.9167,16.25,2.0526,0,0.1053,0.8333,1,0.0378,0.2687,494,1
C5V4MTNH38,113108,45243,1063215,0.4,9.4,23.5001,0,2.5,1,0,0.3414,0.0771,556,0
C5VDWVXV5V,97109,135953,699185,1.4,7.2,5.1428,0.0841,0.7143,1,0,0.2521,0.0852,600,0
C5VKN49V4F,275239,550477,613994,2,2.2308,1.1154,0,0.3846,0.7692,0,0.1398,0.133,708,0
C5X8TUAWPM,66816,861926,93542,12.9,1.4,0.1085,0,0.0775,1,0,0.1369,0.1822,613,0
C5X9WBVV6X,26576,7248,198112,0.2727,7.4545,27.3333,0.21,3.3333,0.9091,0,0.0796,0.1176,519,0
C5ZEYQGYAF,47193,61351,193491,1.3,4.1,3.1538,0.0795,0.7692,1,0,0.2486,0.0752,628,0
C5ZF1U3RVW,1635,818,0,0.5003,0,0,0.0991,3.3313,1.6667,0,1.3107,0.2104,682,0
C5ZUUPPYZM,16014,97685,20818,6.1,1.3,0.2131,0,0.1639,1,0,0.3321,0.3351,654,0
C60AFNFT5Z,85265,31006,224791,0.3636,2.6364,7.2499,0.0446,2.5,0.9091,1,0.282,0.0458,586,0
C61V6QHXW7,295687,320328,2537982,1.0833,8.5833,7.9231,0,0.7692,0.8333,0,0.0913,0.0824,635,0
C620Y7KVLZ,39384,350518,63014,8.9,1.6,0.1798,0,0.1124,1,1,0.2248,0.1588,656,0
C64SBUXM7K,10600,2120,217300,0.2,20.5,102.5,0,5,1,0,0.1577,0.2035,485,1
C672DD9L47,363335,1453339,1877230,4,5.1667,1.2917,0.023,0.2083,0.8333,0,0.0874,0.0955,611,0
C67VECQGVI,89137,704182,80223,7.9,0.9,0.1139,0,0.1266,1,1,0.0856,0.1127,620,1
C6AT1YT77Y,282096,866437,2035120,3.0714,7.2143,2.3488,0.0345,0.2326,0.7143,0,0.1328,0.1323,610,0
C6C2EZIN4R,149546,473564,1445615,3.1667,9.6667,3.0526,0.0462,0.2632,0.8333,0,0.247,0.1912,540,0
C6ECE5XCQW,168810,379822,2025720,2.25,12,5.3333,0.0541,0.3704,0.8333,0,0.205,0.2178,574,0
C6ERYK4NQ5,6405,712,0,0.1112,0,0,0.0234,9.9958,1.1112,0,0.2976,0.0422,632,0
C6ETOMBMK7,84772,254315,952051,3,11.2307,3.7436,0,0.2564,0.7692,0,0.249,0.1978,548,0
C6F81FG76X,85831,236036,729565,2.75,8.5,3.0909,0.0303,0.303,0.8333,0,0.1153,0.1251,596,1
C6HBWSF91H,154697,297495,1201880,1.9231,7.7693,4.04,0,0.4,0.7692,0,0.1487,0.1093,558,1
C6I55CJD5C,2657,1860,69613,0.7,26.1998,37.4263,0,1.4285,1,0,0.3195,0.4569,409,1
C6ICCK6ASA,55167,401216,5015,7.2728,0.0909,0.0125,0,0.125,0.9091,0,0.1137,0.1282,644,0
C6ILUKQBQU,100288,230662,330950,2.3,3.3,1.4348,0.1559,0.4348,1,0,0.06,0.3225,608,0
C6K4JE4XGY,51559,670270,68746,13.0001,1.3333,0.1026,0,0.0855,1.1111,0,0.1458,0.1357,604,1
C6K8RD02SY,92257,661177,861067,7.1667,9.3334,1.3023,0,0.1163,0.8333,0,0.0488,0.3363,578,1
C6M2N1ZIWS,8054,1790,0,0.2222,0,0,0.0222,4.9994,1.1111,0,0.3381,0.054,620,0
C6MHIC9CQ3,5010,5636,26300,1.125,5.2495,4.6664,0,1.1111,1.2499,0,0.3752,0.3719,528,0
C6MQ5N5QNN,20118,12574,701601,0.625,34.8743,55.7978,0,1.9999,1.25,0,0.1508,0.2131,323,1
C6NIRAFIVW,168502,428915,903786,2.5455,5.3637,2.1071,0.0953,0.3571,0.9091,1,0.0256,0.2295,601,1
C6R2ZIZZN6,40828,648705,54437,15.8887,1.3333,0.0839,0,0.0699,1.1111,0,0.1789,0.1923,636,1
C6RJ7P6K19,230465,362160,642010,1.5714,2.7857,1.7727,0.0313,0.4545,0.7143,1,0.1199,0.1296,627,0
C6SOYZWMLZ,41913,419130,13971,10,0.3333,0.0333,0,0.1111,1.1111,0,0.1963,0.1919,662,1
C6T9XANTEC,190021,1409324,142516,7.4167,0.75,0.1011,0,0.1124,0.8333,0,0.0361,0.2875,653,0
C71SU8FUH8,210482,325290,918466,1.5455,4.3636,2.8235,0,0.5882,0.9091,0,0.1539,0.1183,640,0
C75BHUCCYU,78320,590960,78320,7.5455,1,0.1325,0,0.1205,0.9091,0,0.115,0.1279,657,1
C773VHZLD3,15640,152133,22749,9.7272,1.4545,0.1495,0,0.0935,0.9091,0,0.1325,0.1621,611,0
C77BH7Y6NQ,237505,296882,554179,1.25,2.3333,1.8667,0.0264,0.6667,0.8333,0,0.1001,0.0931,672,0
C77PC8A6E9,15221,3044,0,0.2,0,0,0,5.0003,1,0,0.4187,0.0476,645,1
C786XCTMG7,0,2910,4802,0,12.4058,1.6502,0.0667,0.5,1.331,0,0.167,0.2652,502,0
C7E9VWUS6H,92173,73738,9217,0.8,0.1,0.125,0,1.25,1,0,0.2582,0.0624,611,0
C7ERV95N79,71426,138089,152374,1.9333,2.1333,1.1034,0,0.3448,0.6667,0,0.1864,0.203,634,0
C7J5ZDH9QO,102302,102302,235295,1,2.3,2.3,0.088,1,1,0,0.2672,0.1057,623,0
C7JA93ZDD4,28181,11272,397352,0.4,14.1,35.2512,0.2763,2.5001,1,0,0.1047,0.1464,544,1
C7JJ60IKOT,110743,694658,422835,6.2727,3.8182,0.6087,0.1106,0.1449,0.9091,0,0.0298,0.2528,595,0
C7JLBW6G6D,260417,725447,446429,2.7857,1.7143,0.6154,0,0.2564,0.7143,0,0.0921,0.0993,592,0
C7JVBVS5G5,60917,636858,88606,10.4545,1.4545,0.1391,0,0.087,0.9091,0,0.1358,0.1175,642,0
C7K2888WAA,89043,53426,641110,0.6,7.2,12,0,1.6667,1,0,0.2772,0.0861,569,0
C7K2J89CI8,112744,403998,1428086,3.5833,12.6666,3.5349,0.1641,0.2326,0.8333,0,0.0441,0.3114,545,1
C7L3TVE8Y7,46547,67704,118482,1.4545,2.5454,1.75,0.0558,0.625,0.9091,0,0.2335,0.0474,589,0
C7NHAUTLND,43294,59037,184983,1.3636,4.2727,3.1333,0.0554,0.6667,0.9091,0,0.1685,0.0553,615,0
C7QEBQW9RI,170819,931740,1133617,5.4545,6.6364,1.2167,0,0.1667,0.9091,0,0.049,0.3451,628,0
C7S01K7107,182933,436226,1590113,2.3846,8.6923,3.6452,0,0.3226,0.7692,0,0.146,0.1043,566,0
C7TG8MQ37K,144329,278348,1154630,1.9286,8,4.1482,0.0192,0.3704,0.7143,0,0.0731,0.0799,544,0
C7W46BEW81,25472,342454,28302,13.4443,1.1111,0.0826,0,0.0826,1.1111,0,0.1442,0.1769,668,0
C7XJH42EUS,14812,171819,14812,11.6,1,0.0862,0,0.0862,1,0,0.1834,0.1815,637,1
C7Z8KUBDSL,253599,743890,980583,2.9333,3.8667,1.3182,0,0.2273,0.6667,0,0.0815,0.0906,629,0
C82W3QNQQD,159668,1204770,87092,7.5455,0.5455,0.0723,0.1119,0.1205,0.9091,1,0.0302,0.1967,664,0
C83EC7WOMR,113615,605946,1126680,5.3333,9.9166,1.8594,0,0.1562,0.8333,1,0.0445,0.2068,554,0
C844VDEAL6,258361,215301,2906564,0.8333,11.25,13.5,0,1,0.8333,1,0.1493,0.1621,526,0
C85M4QR53M,43974,562867,13192,12.8,0.3,0.0234,0,0.0781,1,0,0.1458,0.17,679,0
C87QZD07B3,188674,1021982,1871013,5.4167,9.9166,1.8308,0.113,0.1538,0.8333,1,0.0306,0.2134,537,0
C87WWMW4CD,15827,3165,0,0.2,0,0,0.0311,5.0006,1,0,0.4111,0.0586,696,0
C8AEZB1KHF,258041,774122,1892299,3,7.3333,2.4444,0.0266,0.2778,0.8333,0,0.1419,0.109,550,0
C8BL5UKZ2M,29826,414581,0,13.9,0,0,0,0.0719,1,0,0.1137,0.1393,658,0
C8CDJWBDA3,21210,16968,2121,0.8,0.1,0.125,0,1.25,1,0,0.3114,0.1199,675,0
C8CLHO0RZ1,244600,838627,1118170,3.4286,4.5714,1.3333,0.0151,0.2083,0.7143,1,0.0579,0.0817,568,1
C8EN80T4XM,62883,597388,94324,9.5,1.5,0.1579,0,0.1053,1,0,0.1453,0.1273,583,0
C8FIF9POPD,192324,288486,634669,1.5,3.3,2.2,0,0.6667,1,0,0.1298,0.0521,602,1
C8HME9YVKO,279743,536174,1771704,1.9167,6.3333,3.3043,0.0202,0.4348,0.8333,0,0.0764,0.0978,581,1
C8IVP9ZG87,0,5548,70541,0,0.1509,12.7147,0,1.4286,0.8258,0,0.1469,0.1231,623,0
C8J02BQH2D,171188,295688,373500,1.7273,2.1818,1.2632,0,0.5263,0.9091,0,0.1773,0.0596,631,0
C8JQDAPT0H,6081,760,116295,0.125,19.1243,153.0197,0,10.0013,1.25,0,0.2204,0.2539,486,1
C8JY6VT4A4,42645,469092,75813,10.9999,1.7778,0.1616,0,0.101,1.1111,1,0.134,0.1637,647,0
C8OFRXHUPW,18688,213880,12459,11.4448,0.6667,0.0583,0,0.0971,1.1111,0,0.2056,0.2316,672,0
C8OHQV100V,23381,144962,42086,6.2,1.8,0.2903,0,0.1613,1,0,0.1386,0.1622,613,1
C8P4YV7ZUO,162242,189283,1500742,1.1667,9.25,7.9286,0,0.7143,0.8333,0,0.0997,0.1086,549,1
C8PBEPV89A,372642,1490568,1521622,4,4.0833,1.0208,0,0.2083,0.8333,0,0.1468,0.121,673,0
C8Q215YRPI,63935,875910,31968,13.7,0.5,0.0365,0,0.073,1,0,0.1055,0.1294,639,0
C8SVT1ZWEW,114993,146355,261348,1.2727,2.2727,1.7857,0.0467,0.7143,0.9091,0,0.1436,0.0569,604,0
C8T50MQRLT,357293,1126848,1841435,3.1538,5.1539,1.6341,0,0.2439,0.7692,0,0.0964,0.1047,638,1
C8T8PT4NN1,313577,313577,2651151,1,8.4545,8.4545,0.0244,0.9091,0.9091,0,0.0932,0.1064,524,1
C8U6D2SQ28,110432,143562,773024,1.3,7,5.3846,0,0.7692,1,0,0.1711,0.0618,580,0
C8Z4WUSTBZ,106512,183975,280804,1.7273,2.6364,1.5263,0.0305,0.5263,0.9091,0,0.1487,0.1268,620,0
C90O7E1P0H,410661,410661,2786626,1,6.7857,6.7857,0.0235,0.7143,0.7143,0,0.0881,0.1096,544,1
C90YHKTFFC,332069,2407499,802500,7.25,2.4167,0.3333,0,0.1149,0.8333,1,0.029,0.2203,563,0
C91SLTIAJH,125575,75345,150690,0.6,1.2,2,0.0528,1.6667,1,0,0.1622,0.0607,617,0
C92EOZLTSA,185935,666268,2262212,3.5833,12.1667,3.3953,0.0308,0.2326,0.8333,0,0.1187,0.1267,592,0
C92Y89OX39,42102,0,1018115,0,24.1821,0,0.2405,0.8074,0.9091,0,0.1937,0.1283,391,1
C95I2WXODI,183006,211161,1998991,1.1538,10.9231,9.4667,0,0.6667,0.7692,0,0.1134,0.1456,552,0
C95J2R7K6G,76038,532266,83642,7,1.1,0.1571,0,0.1429,1,0,0.1082,0.1344,665,0
C97OABQGPA,171333,331244,228444,1.9333,1.3333,0.6897,0.0225,0.3448,0.6667,0,0.1884,0.0884,608,0
C99FK6POVX,232646,845984,3383936,3.6364,14.5454,4,0,0.25,0.9091,1,0.0435,0.2171,504,1
C9DKNB4UT7,239586,447227,2315998,1.8667,9.6667,5.1786,0.0177,0.3571,0.6667,0,0.0669,0.0734,603,0
C9F7C456R6,50908,576953,16969,11.3332,0.3333,0.0294,0,0.098,1.1111,0,0.1418,0.1972,642,0
C9FG5C9IBI,87120,78408,383328,0.9,4.4,4.8889,0,1.1111,1,0,0.2126,0.0669,634,0
C9GMY6MGZD,0,10915,2620,3.8019,5.0991,0.24,0,0.2,1.2083,0,0,0.0727,614,1
C9HNM0U3GC,4498,4498,0,1,0,0,0.0636,2.0002,2.0002,0,0.8368,0.1361,585,0
C9HNMM2A3U,34229,205374,13692,6,0.4,0.0667,0,0.1667,1,0,0.125,0.1525,610,0
C9JIGIU9RO,8917,991,7926,0.1111,0.8889,7.998,0.4821,9.998,1.1111,0,0.2358,0.2545,594,1
C9N78WR909,297516,371895,2355335,1.25,7.9167,6.3333,0,0.6667,0.8333,0,0.1239,0.1119,570,0
C9O6F9NMJJ,25623,19929,606411,0.7778,23.6667,30.4286,0,1.4286,1.1111,0,0.1254,0.1926,435,1
C9PKQ7OMND,277118,1408685,3972030,5.0833,14.3334,2.8197,0.127,0.1639,0.8333,0,0.0342,0.2425,509,1
C9Q9P5YQZN,335323,1005970,2630998,3,7.8462,2.6154,0.0239,0.2564,0.7692,0,0.0904,0.097,524,1
C9S85IT603,457662,1725035,1372987,3.7692,3,0.7959,0,0.2041,0.7692,1,0.079,0.1035,531,1
C9URBMKDNN,77877,474340,1330984,6.0909,17.0908,2.806,0.2069,0.1493,0.9091,0,0.056,0.3795,479,1
C9V3IFK8A3,263264,702038,658161,2.6667,2.5,0.9375,0.0248,0.3125,0.8333,0,0.1013,0.1139,582,1
C9WHRI9RSA,74949,119918,112424,1.6,1.5,0.9375,0,0.625,1,0,0.2319,0.0616,636,0
C9YTQY71MH,16800,4800,0,0.2857,0,0,0.0285,5,1.4286,0,0.3811,0.0699,639,0
C9Z0YK6B93,11722,5210,302180,0.4445,25.7789,58,0,2.5,1.1112,0,0.2326,0.3769,385,0
CA2D29ME3B,318618,568960,1957222,1.7857,6.1428,3.44,0.0317,0.4,0.7143,0,0.1202,0.114,640,0
CA2LQZSA6N,115157,967319,426081,8.4,3.7,0.4405,0.222,0.119,1,0,0.0793,0.4584,612,0
CA343SCAZG,26519,222760,45082,8.4,1.7,0.2024,0,0.119,1,0,0.1236,0.138,668,0
CA7C7MGB4R,0,1059,1177,10.4906,8.2614,1.1114,0.075,1.1114,0.939,0,0.0237,0.1782,591,1
CA7N830VTX,89368,121866,308727,1.3636,3.4546,2.5333,0,0.6667,0.9091,0,0.2572,0.0614,609,1
CA95XAQOJ1,265243,682052,1989320,2.5714,7.5,2.9167,0,0.2778,0.7143,0,0.1054,0.1137,552,0
CA9HZRMSGS,216406,613149,1677143,2.8333,7.75,2.7353,0.1583,0.2941,0.8333,0,0.0432,0.3159,625,0
CABRK0ZO7Z,233050,563203,1301194,2.4167,5.5833,2.3103,0.1625,0.3448,0.8333,0,0.0581,0.4044,562,0
CABV32P9HO,37159,598676,24773,16.1112,0.6667,0.0414,0,0.069,1.1111,0,0.1972,0.2239,633,0
CABZ7TDSKM,82169,664821,112048,8.0909,1.3636,0.1685,0,0.1124,0.9091,1,0.1157,0.1207,665,0
CADDTU079K,145146,261263,769274,1.8,5.3,2.9444,0,0.5556,1,1,0.1756,0.06,581,1
CADX5PJRJV,9045,7538,0,0.8334,0,0,0.0408,1.9999,1.6667,0,0.5326,0.0834,615,0
CAE4RF9RY4,284497,386103,2154047,1.3571,7.5714,5.5789,0.0194,0.5263,0.7143,0,0.0733,0.0955,583,0
CAERRA1A3I,54349,76089,293485,1.4,5.4,3.8571,0.0747,0.7143,1,0,0.2303,0.0769,578,1
CAFC8DV0ZR,97870,156593,861260,1.6,8.8,5.5,0.0315,0.4167,0.6667,1,0.1552,0.1245,560,1
CAHCN8ZHWP,169469,550774,734365,3.25,4.3333,1.3333,0,0.2564,0.8333,0,0.1805,0.1508,636,0
CAJISKKBGT,70683,113093,332210,1.6,4.7,2.9375,0,0.625,1,0,0.2012,0.0683,591,0
CAKL6GOL0Y,27213,356490,24492,13.1,0.9,0.0687,0,0.0763,1,0,0.1507,0.1829,615,0
CAL2LW3RG3,97627,48814,859118,0.5,8.8,17.5998,0,2,1,0,0.3211,0.0837,550,0
CAL4GSGB2J,55889,430345,5589,7.7,0.1,0.013,0,0.1299,1,0,0.1217,0.1563,632,0
CAL6KK505C,45259,457116,58837,10.1,1.3,0.1287,0,0.099,1,0,0.1259,0.154,646,0
CAMAA1DYZP,197676,303103,803882,1.5333,4.0667,2.6522,0,0.4348,0.6667,0,0.1738,0.1753,643,1
CAOV8CXXHQ,48536,281509,97072,5.8,2,0.3448,0,0.1724,1,0,0.1821,0.2234,614,0
CAPI8ENH8A,345362,518043,3379612,1.5,9.7857,6.5238,0,0.4762,0.7143,0,0.1022,0.1104,560,0
CAPY7RIEN6,137264,846464,1967456,6.1667,14.3334,2.3243,0,0.1351,0.8333,0,0.0563,0.2985,506,0
CAQ4MBNAJJ,191412,462579,797550,2.4167,4.1667,1.7241,0.0278,0.3448,0.8333,0,0.1056,0.1105,617,0
CAQ5MEZ4HG,351377,849161,4743587,2.4167,13.5,5.5862,0.0814,0.3448,0.8333,1,0.0219,0.2098,510,0
CAQBAEH69B,34093,288244,58889,8.4546,1.7273,0.2043,0,0.1075,0.9091,0,0.1792,0.2369,619,1
CAR5CDVB8D,95836,139398,270084,1.4545,2.8182,1.9375,0.0457,0.625,0.9091,0,0.1387,0.0566,587,0
CARNE55YT1,140301,739767,2270319,5.2727,16.1818,3.069,0.109,0.1724,0.9091,1,0.0296,0.2248,483,1
CASB0EDEAX,57832,86748,439523,1.5,7.6,5.0667,0.0528,0.6667,1,0,0.1609,0.0557,537,0
CAVGMAGIW9,322478,996751,2755723,3.0909,8.5455,2.7647,0.0291,0.2941,0.9091,1,0.1093,0.1021,562,0
CB0ML6DBP2,414704,452405,791708,1.0909,1.9091,1.75,0.0247,0.8333,0.9091,1,0.0929,0.1162,577,1
CB1P9KYNCA,160629,219039,496488,1.3636,3.0909,2.2667,0.0302,0.6667,0.9091,0,0.1151,0.1245,622,0
CB1TI72N5B,66682,666820,54558,10,0.8182,0.0818,0,0.0909,0.9091,0,0.0704,0.119,613,0
CB1TUY9VRQ,44190,253090,40173,5.7273,0.9091,0.1587,0,0.1587,0.9091,0,0.0903,0.1331,613,0
CB28612QXA,7587,3035,0,0.4,0,0,0,2.4998,1,0,0.3538,0.0442,691,0
CB3H4NFHL2,151294,272329,1149834,1.8,7.6,4.2222,0.0545,0.5556,1,1,0.2272,0.0558,523,1
CB4Z08TICT,283687,894706,1920345,3.1538,6.7692,2.1463,0,0.2439,0.7692,0,0.1298,0.13,629,0
CB5VXZMSK0,201724,161380,322759,0.8,1.6,2,0,0.8333,0.6667,0,0.0729,0.0777,661,0
CB602S9XK3,45687,18275,260416,0.4,5.7,14.2498,0,2.5,1,1,0.2,0.0561,601,0
CB822FJJYE,28413,207415,31254,7.3,1.1,0.1507,0,0.137,1,0,0.1219,0.1485,632,0
CB8EOHQ9AE,73455,609676,29382,8.3,0.4,0.0482,0,0.1205,1,1,0.0834,0.1269,632,0
CB8XYEFHHU,163754,595468,774108,3.6364,4.7273,1.3,0,0.25,0.9091,0,0.1379,0.1245,621,0
CB9HPU1U8F,28638,9546,712768,0.3333,24.8889,74.6667,0.252,3.3333,1.1111,0,0.116,0.1465,433,1
CBCIBTTWEJ,187322,280983,974074,1.5,5.2,3.4667,0.0506,0.6667,1,1,0.2251,0.0589,614,0
CBGF0XQ0RF,42272,295903,46115,7,1.0909,0.1558,0,0.1299,0.9091,0,0.1754,0.1995,644,0
CBHHJLCYXX,77586,108620,15517,1.4,0.2,0.1429,0.0854,0.7143,1,0,0.261,0.0839,667,0
CBHHOY8HG9,413364,1526266,2162210,3.6923,5.2308,1.4167,0.021,0.2083,0.7692,1,0.0957,0.0872,738,0
CBJTN577H5,267668,2052124,3479689,7.6667,13,1.6957,0,0.1087,0.8333,0,0.0526,0.3145,489,0
CBK5VLKIOY,111944,89555,447776,0.8,4,5,0,1.25,1,0,0.1821,0.0682,613,0
CBKEB9MO3L,0,9984,35277,5.4048,7.7858,3.5334,0,0.6667,0.9261,0,0.191,0.133,585,1
CBKM68YY16,0,58340,137099,9.572,12.895,2.35,0.0433,0.25,1.1373,0,0.1059,0.2515,523,1
CBKP0LMEQM,8105,3684,121572,0.4545,14.9996,33,0,2,0.9091,0,0.2762,0.2721,500,0
CBNH5GV723,3908,2442,0,0.6249,0,0,0.0747,2.0004,1.25,0,0.9859,0.1597,692,0
CBOT10T28T,239089,2021392,2325688,8.4546,9.7273,1.1505,0,0.1075,0.9091,1,0.0422,0.2589,575,0
CBPG6O9FF3,31453,182427,25162,5.8,0.8,0.1379,0,0.1724,1,0,0.2408,0.2941,608,0
CBS3CV5OMO,175693,223609,910410,1.2727,5.1818,4.0714,0,0.7143,0.9091,1,0.1758,0.0513,605,1
CBS5XYXH6M,57696,814159,70518,14.1112,1.2222,0.0866,0,0.0787,1.1111,0,0.2261,0.1889,625,0
CBTLDH9WAR,28637,359555,50910,12.5556,1.7778,0.1416,0,0.0885,1.1111,0,0.1846,0.1954,641,0
CBU30B9V0J,34166,454408,30749,13.3,0.9,0.0677,0,0.0752,1,0,0.135,0.1686,633,0
CBW3N5ZEVZ,109418,415788,1509968,3.8,13.8,3.6316,0.1243,0.2632,1,0,0.0336,0.261,532,0
CBX5SDQKPP,64713,605949,58830,9.3636,0.9091,0.0971,0,0.0971,0.9091,0,0.2087,0.1769,616,0
CBZMVBD57Z,235128,1763460,2069126,7.5,8.8,1.1733,0,0.1333,1,0,0.055,0.3808,522,0
CBZQ1WNXF1,13863,1540,46209,0.1111,3.3333,30.0058,0,10.0019,1.1111,0,0.2493,0.3952,609,1
CC0626P1M3,21592,11777,213956,0.5454,9.909,18.1673,0.2723,1.6667,0.9091,0,0.1019,0.1237,550,0
CC0G91G0EE,306207,437438,2427781,1.4286,7.9286,5.55,0,0.5,0.7143,0,0.1116,0.0965,593,1
CC2574VB21,50580,13795,335669,0.2727,6.6364,24.3327,0.219,3.3332,0.9091,0,0.1379,0.1166,538,0
CC2U93ZVSL,10602,5301,0,0.5,0,0,0.0312,2,1,0,0.41,0.055,667,0
CC2VJU4FQP,7710,3084,0,0.4,0,0,0.0454,2.5,1,0,0.8219,0.1069,581,1
CC32QRSL0U,16330,195955,7258,11.9997,0.4445,0.037,0,0.0926,1.1111,0,0.1382,0.1825,621,0
CC348SCIOZ,302627,259394,2075155,0.8571,6.8571,8,0.0195,0.8333,0.7143,1,0.0733,0.0854,630,0
CC3CCMZ8GM,0,33317,31298,6.6132,7.7389,0.9394,0.1242,0.303,0.7187,0,0.279,0.2094,533,0
CC4YBHAPZ9,103494,630370,112902,6.0909,1.0909,0.1791,0,0.1493,0.9091,0,0.1296,0.1148,625,0
CC6POPI7OO,137455,392728,756001,2.8571,5.5,1.925,0,0.25,0.7143,0,0.2131,0.1649,567,1
CC70KE34ME,295173,771990,1952682,2.6154,6.6154,2.5294,0,0.2941,0.7692,0,0.077,0.1039,538,1
CC7BS38IQ6,6553,4368,0,0.6666,0,0,0,2.5002,1.6666,0,0.7462,0.0981,621,0
CC7FM1QJ50,199262,611069,292250,3.0667,1.4667,0.4783,0,0.2174,0.6667,0,0.098,0.0772,635,1
CC7ZMMSI0W,327562,701919,2175949,2.1429,6.6429,3.1,0,0.3333,0.7143,1,0.0938,0.1029,663,0
CCAMIANFB2,22112,17690,555011,0.8,25.1,31.3743,0.238,1.25,1,0,0.0898,0.1256,389,1
CCBTDAR3OS,80912,89003,517837,1.1,6.4,5.8182,0.0562,0.9091,1,0,0.1985,0.0623,555,0
CCBW4IUJLN,154032,602125,1022212,3.9091,6.6364,1.6977,0,0.2326,0.9091,1,0.1145,0.1062,567,1
CCC6W17COY,46817,613824,31211,13.1111,0.6667,0.0508,0,0.0847,1.1111,0,0.1448,0.1813,639,0
CCC7OK54HE,0,9418,38571,5.0191,9.9037,4.0955,0.0638,0.4762,1.1224,0,0.1857,0.193,499,1
CCCHGKDR99,232690,182828,1562346,0.7857,6.7143,8.5454,0,0.9091,0.7143,0,0.1638,0.1765,577,1
CCD4621HCU,27917,25379,210646,0.9091,7.5454,8.3,0.086,1,0.9091,0,0.3479,0.0754,572,0
CCDDOFZ8GK,131155,112418,365360,0.8571,2.7857,3.25,0.0385,0.8333,0.7143,0,0.1458,0.1662,616,0
CCDWNE3XJA,189867,650971,813714,3.4286,4.2857,1.25,0.0275,0.2083,0.7143,1,0.1051,0.1028,622,0
CCDYYRCFZJ,222154,949203,727049,4.2727,3.2727,0.766,0,0.2128,0.9091,1,0.1246,0.1264,657,0
CCIKGXMI5A,73051,504052,1198036,6.9,16.4,2.3768,0.1471,0.1449,1,0,0.0522,0.2789,498,0
CCJ3SW4XA0,67032,329065,1023758,4.9091,15.2727,3.1111,0,0.1852,0.9091,0,0.0556,0.4143,528,0
CCJWRJY29K,98424,805284,357904,8.1818,3.6363,0.4444,0.119,0.1111,0.9091,0,0.032,0.2248,609,1
CCK758M8EC,0,24301,82450,1.9875,10.0347,3.3929,0.0155,0.3571,0.7711,0,0.1032,0.0174,588,1
CCKKAPSFX1,320994,770386,1562171,2.4,4.8667,2.0278,0,0.2778,0.6667,0,0.1203,0.0994,573,1
CCMP23SHDX,86507,17301,614200,0.2,7.1,35.5008,0,5.0001,1,1,0.2295,0.0587,568,0
CCRNT9MDG7,286547,651242,2474722,2.2727,8.6364,3.8,0.1286,0.4,0.9091,1,0.0344,0.2644,585,0
CCS7XPOM36,80857,229095,256048,2.8333,3.1667,1.1176,0,0.2941,0.8333,1,0.0341,0.2436,650,1
CCSYAAVLXB,198954,331590,636653,1.6667,3.2,1.92,0.0266,0.4,0.6667,1,0.1018,0.1134,650,1
CCTW5P2FEX,313736,699872,3064954,2.2308,9.7692,4.3793,0.0299,0.3448,0.7692,1,0.1603,0.1551,545,1
CCX9X4K9FI,6140,5458,139169,0.8889,22.666,25.4982,0,1.2499,1.1111,0,0.2187,0.1735,415,1
CCZ1VBONPA,333287,1424044,1666434,4.2727,5,1.1702,0.1079,0.2128,0.9091,1,0.029,0.2096,688,0
CD1XWSHRUA,201935,471181,1615478,2.3333,8,3.4286,0,0.3571,0.8333,0,0.1025,0.0916,622,0
CD4A1TDEMR,140588,766842,2172719,5.4545,15.4545,2.8333,0.14,0.1667,0.9091,1,0.0374,0.2473,521,1
CD650D5N6I,252977,433675,668583,1.7143,2.6429,1.5417,0.0248,0.4167,0.7143,1,0.0954,0.103,663,0
CD708YHATZ,53054,299032,0,5.6364,0,0,0,0.1613,0.9091,0,0.133,0.1157,604,0
CD727OEO8V,146589,493073,1372609,3.3636,9.3637,2.7838,0.0273,0.2703,0.9091,0,0.1051,0.1125,546,0
CD7M3CYLFD,191015,1007170,191015,5.2727,1,0.1897,0.1385,0.1724,0.9091,0,0.0372,0.286,686,0
CD7ZEB9UCC,126980,230872,126980,1.8182,1,0.55,0.0604,0.5,0.9091,0,0.2321,0.0687,653,0
CD8Z45PKK2,290284,532187,798280,1.8333,2.75,1.5,0,0.4545,0.8333,0,0.0718,0.2867,617,0
CDA93QRXP9,134784,362880,1099008,2.6923,8.1538,3.0286,0.0243,0.2857,0.7692,0,0.0922,0.1003,558,0
CDEACWQN6G,314430,445442,707468,1.4167,2.25,1.5882,0,0.5882,0.8333,1,0.119,0.1575,691,0
CDEMIM3HOI,84224,33690,732749,0.4,8.7,21.7497,0.0627,2.5,1,0,0.195,0.0733,561,0
CDF36EPF0M,159156,891274,1352826,5.6,8.5,1.5179,0,0.1786,1,0,0.0455,0.373,533,0
CDFPJ3XTIU,137509,206264,206264,1.5,1.5,1,0.0469,0.6667,1,0,0.1439,0.0533,639,1
CDGM1ECKUD,46475,655298,83655,14.1,1.8,0.1277,0,0.0709,1,0,0.1112,0.1368,650,0
CDGYHWOVMW,81832,1170198,73649,14.3,0.9,0.0629,0,0.0699,1,0,0.1056,0.1473,657,0
CDJZCS3I8N,45134,631876,81241,14,1.8,0.1286,0,0.0714,1,1,0.1841,0.1956,642,0
CDLUX5C0RW,123479,455923,522412,3.6923,4.2308,1.1458,0.0239,0.2083,0.7692,0,0.1135,0.0989,609,0
CDLW43Y1JT,39567,9892,588562,0.25,14.8751,59.4988,0.2433,4.9999,1.25,1,0.0913,0.144,483,1
CDMTLQ9CDD,41256,602338,16502,14.6,0.4,0.0274,0,0.0685,1,0,0.1394,0.1398,652,0
CDORBN054Q,103175,120371,1117727,1.1667,10.8333,9.2857,0.0286,0.7143,0.8333,0,0.1422,0.097,533,0
CDPPRMESBY,0,43632,114534,7.4405,17.4522,2.625,0,0.4167,0.8353,0,0.1728,0.1239,480,0
CDSKQ0DQXO,185668,962097,1654132,5.1818,8.9091,1.7193,0.1066,0.1754,0.9091,1,0.0358,0.2206,549,0
CDTFA6DWV8,186882,311470,3052406,1.6667,16.3333,9.8,0,0.5,0.8333,0,0.0394,0.298,512,0
CDTJZ89PGS,64872,84334,382745,1.3,5.9,4.5384,0,0.7692,1,1,0.3292,0.0999,609,0
CDV5H4ZHT0,279622,1016808,2287818,3.6364,8.1818,2.25,0.0257,0.25,0.9091,1,0.0987,0.1086,566,1
CDX7CCDIMA,137008,871871,1955482,6.3637,14.2728,2.2429,0,0.1429,0.9091,0,0.0693,0.4039,512,1
CDXFJE9QT5,26496,214618,15898,8.1,0.6,0.0741,0,0.1235,1,0,0.1773,0.1837,629,1
CDYSROOJHI,12570,116555,15998,9.2725,1.2727,0.1373,0,0.098,0.9091,0,0.2564,0.3134,600,0
CDZ7ELHZOT,34524,375928,76720,10.8889,2.2222,0.2041,0,0.102,1.1111,0,0.1846,0.2249,615,0
CDZMSZ6XNS,14680,18350,506460,1.25,34.5,27.6,0.436,1,1.25,0,0.1624,0.2035,330,1
CE0GO2X0B6,313837,337978,2993521,1.0769,9.5385,8.8571,0,0.7143,0.7692,0,0.0729,0.0895,494,0
CE40BFGXJQ,36708,387104,36708,10.5455,1,0.0948,0,0.0862,0.9091,0,0.0954,0.1419,588,1
CE4UAX5WBQ,34573,428705,38030,12.4,1.1,0.0887,0,0.0806,1,0,0.2001,0.2009,602,0
CE53J5XP5E,53869,244860,19589,4.5455,0.3636,0.08,0,0.2,0.9091,0,0.1361,0.1487,677,0
CE6RSMXZNS,49678,94388,64581,1.9,1.3,0.6842,0,0.5263,1,0,0.3438,0.0735,618,0
CE8ZN4IWFL,379090,783454,833999,2.0667,2.2,1.0645,0,0.3226,0.6667,0,0.0853,0.0932,557,1
CE91QIR5BZ,224755,1086317,2846899,4.8333,12.6667,2.6207,0.1315,0.1724,0.8333,0,0.0357,0.2727,503,0
CE99BCSEAN,86634,196895,212647,2.2727,2.4545,1.08,0,0.4,0.9091,0,0.0378,0.2584,635,1
CEAWO3QWJ6,127823,660418,1661696,5.1667,13,2.5161,0.1558,0.1613,0.8333,0,0.0417,0.2823,561,1
CEBBO3BNCW,122999,209098,725694,1.7,5.9,3.4706,0.0603,0.5882,1,0,0.2496,0.0731,573,1
CECYWGDGL5,273344,925166,2922684,3.3846,10.6923,3.1591,0,0.2273,0.7692,0,0.0883,0.0969,506,1
CED1GNF9J1,195779,307652,1468341,1.5714,7.5,4.7727,0,0.4545,0.7143,0,0.1143,0.1138,575,0
CEDHJ1LF3F,299319,680270,2013599,2.2727,6.7273,2.96,0.1277,0.4,0.9091,0,0.0343,0.2796,624,0
CEDJ113119,455062,606749,5157365,1.3333,11.3333,8.5,0.0195,0.625,0.8333,0,0.1072,0.0933,575,0
CEDS5SF8I0,155710,506056,1388411,3.25,8.9166,2.7436,0.1588,0.2564,0.8333,0,0.0428,0.3007,590,0
CEDVT2YHOH,132328,767502,1667333,5.8,12.6,2.1724,0.1572,0.1724,1,0,0.0429,0.2814,526,1
CEE4ED9WMG,53570,487487,74998,9.1,1.4,0.1538,0,0.1099,1,0,0.1122,0.1364,613,0
CEEX4HA9H3,84308,153288,950386,1.8182,11.2728,6.2,0.038,0.5,0.9091,0,0.1448,0.158,520,1
CEHKIIAT0A,16090,8939,144812,0.5556,9.0001,16.2,0,2,1.1111,0,0.1372,0.203,570,1
CEI6HZWELK,22149,9844,620172,0.4444,28,63,0.2724,2.5,1.1111,0,0.1022,0.1694,396,1
CEIHWJOBMG,43996,70394,233179,1.6,5.3,3.3125,0,0.625,1,0,0.1911,0.0536,609,1
CEMFP8SF0E,133987,368465,1976311,2.75,14.75,5.3636,0.0958,0.303,0.8333,1,0.0333,0.1987,505,0
CEN96N2N4D,6529,0,0,0,0,0,0.0616,1.4818,1,0,0.7941,0.1267,656,0
CENH4GJ5KG,185973,1078643,111584,5.8,0.6,0.1034,0.1296,0.1724,1,1,0.0344,0.3037,676,1
CEP8BVI48R,340500,425625,766125,1.25,2.25,1.8,0.0262,0.6667,0.8333,0,0.1258,0.1253,710,0
CEQCLDO7RI,145097,184668,527624,1.2727,3.6364,2.8571,0.0597,0.7143,0.9091,0,0.1802,0.0699,602,0
CERO10OH4G,8104,4502,68430,0.5555,8.444,15.1999,0.3076,2,1.1111,0,0.115,0.1368,565,0
CET59IL8T5,60497,497421,100828,8.2222,1.6667,0.2027,0,0.1351,1.1111,0,0.1336,0.1877,652,0
CEW0TL2RDU,257658,772974,2104207,3,8.1667,2.7222,0.0369,0.2778,0.8333,1,0.1415,0.1517,578,0
CEX92MV99H,39344,34972,957358,0.8889,24.333,27.375,0.2842,1.25,1.1111,0,0.1069,0.1236,371,1
CEXGGNP5IY,75182,164033,211876,2.1818,2.8182,1.2917,0.0355,0.4167,0.9091,0,0.1355,0.1537,598,0
CEZ7XFOOGP,195367,1758303,976835,9,5,0.5556,0,0.1111,1,1,0.0638,0.3462,615,0
CF2Q8Z3ZYI,58297,725469,51819,12.4444,0.8889,0.0714,0,0.0893,1.1111,0,0.1332,0.165,639,0
CF6V6ZT87Y,24650,290870,27115,11.8,1.1,0.0932,0,0.0847,1,0,0.2029,0.1974,601,1
CF8OPRTY0M,133592,85013,680103,0.6364,5.0909,8,0,1.4286,0.9091,0,0.188,0.0548,610,0
CFCUBLHAX7,42881,576948,31186,13.4546,0.7273,0.0541,0,0.0676,0.9091,1,0.1653,0.1863,662,0
CFIOZ2UIHM,18253,0,56787,0,3.1111,0,0,0.4438,1.1111,1,0.3,0.275,575,0
CFJ7THO06G,42440,360740,33952,8.5,0.8,0.0941,0,0.1176,1,0,0.1826,0.1285,603,0
CFJMD4DCSV,213426,533565,1191628,2.5,5.5833,2.2333,0,0.3333,0.8333,1,0.12,0.126,600,1
CFKMB98G8L,147249,187408,1392175,1.2727,9.4546,7.4286,0,0.7143,0.9091,0,0.1036,0.1365,543,0
CFLL3R65IC,354051,789806,3949032,2.2308,11.1539,5,0.0249,0.3448,0.7692,0,0.1408,0.1013,568,0
CFMQBIS0YN,228424,335023,1020296,1.4667,4.4667,3.0455,0.0339,0.4545,0.6667,0,0.1297,0.1028,625,0
CFSYXY6QBM,10144,118685,10144,11.7,1,0.0855,0,0.0855,1,0,0.2257,0.2393,693,0
CFYAW63G3Z,110805,132966,520784,1.2,4.7,3.9167,0.0496,0.8333,1,0,0.15,0.0514,586,0
CG1T7KU7YK,10604,5302,0,0.5,0,0,0,3.3333,1.6666,0,0.5704,0.101,660,0
CG2A8DOX03,307348,351254,1866039,1.1429,6.0714,5.3125,0.0272,0.625,0.7143,1,0.104,0.1008,613,1
CG42P48B8O,178180,761315,1279658,4.2727,7.1818,1.6809,0.1324,0.2128,0.9091,0,0.0355,0.2732,598,0
CG4WDWXWMC,58383,164532,488290,2.8181,8.3636,2.9678,0,0.3226,0.9091,0,0.1899,0.156,584,0
CG69S4ID82,111776,1017162,346506,9.1,3.1,0.3407,0.1295,0.1099,1,0,0.0355,0.3036,595,0
CG6QZT0A1D,156524,421410,686297,2.6923,4.3846,1.6286,0.0199,0.2857,0.7692,0,0.1039,0.0819,584,0
CGAOO1FGKE,110972,796984,776807,7.1818,7,0.9747,0.0877,0.1266,0.9091,0,0.0315,0.209,558,0
CGCO7EOCZQ,39293,13098,619958,0.3333,15.7778,47.3323,0.2574,3.3333,1.1111,0,0.0984,0.1103,519,0
CGDI5SS4I4,149701,81655,149701,0.5455,1,1.8333,0,1.6667,0.9091,0,0.1935,0.0662,617,0
CGE3FIHGEM,0,33000,41250,10.8769,4.938,1.25,0,0.2273,1.0225,0,0.0712,0.2251,586,0
CGJ1980SPD,90183,108220,613244,1.2,6.8,5.6666,0.0482,0.8333,1,0,0.1479,0.0499,560,0
CGM6V245ZD,8086,2021,0,0.2499,0,0,0.0448,5.001,1.2499,0,0.5831,0.0876,701,0
CGMCLS6F40,124468,382296,204484,3.0714,1.6429,0.5349,0,0.2326,0.7143,0,0.0801,0.0881,653,0
CGNMILAWXX,134940,202410,418314,1.5,3.1,2.0667,0.0472,0.6667,1,0,0.2079,0.0489,574,0
CGNXI4WMMU,13100,8734,187772,0.6667,14.3337,21.499,0.3978,1.6666,1.1111,0,0.2019,0.1863,453,1
CGOMJ6EM53,4739,1896,0,0.4001,0,0,0,4.9989,2,0,0.7485,0.1184,597,0
CGPEJO0N4Z,49580,39664,307396,0.8,6.2,7.75,0.065,1.25,1,0,0.1974,0.0622,583,0
CGROG8D9CM,265098,1082484,2452156,4.0833,9.25,2.2653,0.0377,0.2041,0.8333,0,0.1433,0.1251,622,0
CGWPML55V1,284875,932317,1502067,3.2727,5.2727,1.6111,0.0261,0.2778,0.9091,0,0.0991,0.1266,648,0
CGXSA76P1Q,161166,483498,389484,3,2.4167,0.8056,0,0.2778,0.8333,1,0.1551,0.1488,628,0
CGXVYC3LBR,158440,464759,1499903,2.9333,9.4667,3.2273,0,0.2273,0.6667,0,0.0887,0.0964,557,1
CGZ4LFGPMX,284518,812908,1930656,2.8571,6.7857,2.375,0.0328,0.25,0.7143,1,0.1238,0.1361,573,0
CGZ98L6IO1,285997,967991,1583986,3.3846,5.5385,1.6364,0.0173,0.2273,0.7692,0,0.0917,0.0776,615,0
CH0FI72Y0D,136742,252446,578523,1.8461,4.2308,2.2917,0,0.4167,0.7692,0,0.1033,0.1139,613,1
CH14JY8U3M,112342,806819,837458,7.1818,7.4545,1.038,0,0.1266,0.9091,0,0.0371,0.2561,596,0
CH16Z9GB82,36886,194491,26826,5.2728,0.7273,0.1379,0,0.1724,0.9091,0,0.1778,0.1501,593,0
CH1N08U3DP,250333,1355972,2211277,5.4167,8.8333,1.6308,0.1429,0.1538,0.8333,0,0.0384,0.2957,548,1
CH35QMTKX3,229993,477679,566138,2.0769,2.4615,1.1852,0,0.3704,0.7692,1,0.1231,0.0891,621,0
CH4I0R4LMU,158349,906910,187140,5.7273,1.1818,0.2063,0.1526,0.1587,0.9091,0,0.0419,0.3145,635,0
CH5S6O1SML,29709,202021,41593,6.8,1.4,0.2059,0,0.1471,1,0,0.1715,0.2092,642,0
CH6F1OYI7N,0,61978,15494,2.9706,5.3226,0.25,0,0.3571,1.098,0,0.3334,0.2865,593,0
CH8PY0Z961,425002,920837,3577097,2.1667,8.4167,3.8846,0.0233,0.3846,0.8333,0,0.1314,0.1095,475,1
CH909NY55N,282058,1435930,2564160,5.0909,9.0909,1.7857,0.1121,0.1786,0.9091,0,0.0458,0.233,557,0
CHBLMUV9IT,13222,134624,3606,10.1818,0.2727,0.0268,0,0.0893,0.9091,0,0.2735,0.2564,600,0
CHC8M8R4KU,69159,89907,179813,1.3,2.6,2,0.0811,0.7692,1,0,0.3536,0.0833,616,0
CHGW95IIEI,316721,818195,2560160,2.5833,8.0833,3.129,0,0.3226,0.8333,1,0.1084,0.1121,565,0
CHLGFVWBRH,133311,246113,892159,1.8462,6.6923,3.625,0.0247,0.4167,0.7692,0,0.1295,0.0852,585,1
CHMZ8OL4RY,11128,3709,0,0.3333,0,0,0.0226,3.3335,1.1111,0,0.2998,0.0551,620,0
CHNCJ0SF66,177908,578202,578202,3.25,3.25,1,0.0297,0.2564,0.8333,0,0.1147,0.1028,636,0
CHO8AL3EAH,350734,1052201,2555345,3,7.2857,2.4286,0,0.2381,0.7143,0,0.1509,0.099,633,0
CHOBAYPI3R,483918,1064620,4645613,2.2,9.6,4.3636,0.0179,0.303,0.6667,1,0.0931,0.0736,496,1
CHOBELVKRV,134333,232030,97697,1.7273,0.7273,0.4211,0.0688,0.5263,0.9091,0,0.2068,0.0709,643,0
CHPIG8PUIT,42927,17171,21464,0.4,0.5,1.25,0.1128,2.5,1,0,0.3413,0.1262,644,0
CHPTCODSM3,9289,4128,15482,0.4444,1.6667,3.7505,0,2.5002,1.1111,0,0.2197,0.2288,648,0
CHQQBK8JID,55360,110720,437344,2,7.9,3.95,0.0686,0.5,1,0,0.2103,0.0704,575,1
CHSE2K511A,219244,597939,478351,2.7273,2.1818,0.8,0,0.3333,0.9091,0,0.1977,0.1448,682,0
CHSS7U4GB8,188749,283124,1453367,1.5,7.7,5.1333,0.0453,0.6667,1,0,0.1403,0.0533,545,0
CHX3JEXKX0,207525,490513,2829885,2.3636,13.6364,5.7692,0,0.3846,0.9091,0,0.1771,0.2409,526,1
CHY78DPYT5,45113,31579,428574,0.7,9.5,13.5715,0.0499,1.4286,1,0,0.15,0.0552,527,0
CHZ0SDZOHH,80105,240314,193587,3,2.4167,0.8056,0,0.2778,0.8333,0,0.298,0.1955,629,0
CI0VKO9IEO,15887,3530,208294,0.2222,13.111,59.0068,0.2355,5.0006,1.1111,0,0.1192,0.1235,482,1
CI18WQZN7Q,367410,1023500,3726591,2.7857,10.1429,3.641,0,0.2564,0.7143,1,0.091,0.0831,502,0
CI24U21I67,64291,701352,70135,10.909,1.0909,0.1,0,0.0833,0.9091,0,0.1405,0.1703,624,0
CI4XX96OTO,95536,156952,156952,1.6429,1.6429,1,0,0.4348,0.7143,0,0.1208,0.1301,627,0
CI6NS3QQMR,171756,31228,655796,0.1818,3.8182,21.0003,0,5.0001,0.9091,0,0.16,0.0541,582,1
CI6SXEJ4L7,262560,989648,2181265,3.7692,8.3077,2.2041,0,0.2041,0.7692,0,0.1333,0.14,604,1
CI7FMT1M45,93716,144833,707127,1.5454,7.5454,4.8824,0.0856,0.5882,0.9091,1,0.259,0.0886,579,0
CI7ML66Q6P,0,2214,35424,7.4373,18.1118,16,0.0029,1.6667,0.7272,0,0,0.2305,496,0
CIADSHZX6W,58474,93558,268980,1.6,4.6,2.875,0.1425,0.625,1,0,0.4318,0.1028,621,1
CIAGYWUS55,124143,462714,1602569,3.7273,12.9091,3.4634,0.0358,0.2439,0.9091,0,0.1357,0.1471,538,1
CICH9C8HAT,158905,1184564,1242347,7.4545,7.8182,1.0488,0,0.122,0.9091,1,0.0437,0.3179,552,1
CIDJH42XIG,0,28347,91655,1.5301,0,3.2333,0,0.3333,0.9291,0,0.255,0.1551,659,0
CIED7QUXP2,275271,880867,2183817,3.2,7.9333,2.4792,0.0205,0.2083,0.6667,0,0.0763,0.0901,573,0
CIFJ0W9BSH,76170,662679,45702,8.7,0.6,0.069,0,0.1149,1,0,0.1093,0.1389,587,0
CIGE92QM2J,0,33705,13642,0,22.763,0.4047,0.0161,0.2381,0.7172,0,0.2925,0.0167,408,0
CIIE1LHOTT,24927,22434,37390,0.9,1.5,1.6667,0.4222,1.1111,1,0,0.1593,0.2246,634,1
CIIJB6UDS9,37188,542945,59501,14.6,1.6,0.1096,0,0.0685,1,1,0.2369,0.1671,594,1
CILOMWL52C,172130,156482,250371,0.9091,1.4545,1.6,0.0434,1,0.9091,0,0.1311,0.0453,605,0
CINLPEOF3O,33449,321110,60208,9.6,1.8,0.1875,0,0.1042,1,0,0.2366,0.2876,655,0
CIQGZXKWFQ,51363,56499,364677,1.1,7.1,6.4546,0.0847,0.9091,1,0,0.3388,0.1034,499,1
CIUSTJQBD7,34436,438270,59480,12.7271,1.7273,0.1357,0,0.0714,0.9091,0,0.2729,0.2385,596,0
CIZK4ORQTE,34923,22224,269858,0.6364,7.7272,12.1426,0.0726,1.4285,0.9091,0,0.2225,0.0627,593,1
CJ1OT9G7M3,261190,478848,2851320,1.8333,10.9167,5.9545,0.1206,0.4545,0.8333,0,0.0323,0.2925,578,0
CJ2N9NRKO8,0,60809,109098,8.6769,7.8601,1.7941,0.1286,0.2941,1.2004,0,0.1932,0.2559,513,1
CJ33RKV369,173958,243541,1374268,1.4,7.9,5.6429,0,0.7143,1,1,0.2553,0.0588,543,1
CJ3EFZW6WB,180241,615824,1772372,3.4167,9.8333,2.878,0.0358,0.2439,0.8333,1,0.1355,0.154,530,0
CJ5YP2EX2I,11717,1674,0,0.1429,0,0,0,9.9988,1.4285,0,0.433,0.0678,606,0
CJ6RURWJL3,0,4912,25545,2.9704,10.3494,5.2005,0.1205,2.0002,0.7962,0,0.144,0.2945,534,0
CJ7FWU4UGQ,3251,406,0,0.1249,0,0,0.0738,10.0099,1.2501,0,0.9905,0.1501,614,1
CJ9S2V4BH0,60206,645849,71153,10.7273,1.1818,0.1102,0,0.0847,0.9091,0,0.178,0.1595,585,1
CJ9VXMA5WA,18575,13509,55724,0.7273,2.9999,4.125,0.2241,1.25,0.9091,0,0.0854,0.1203,634,1
CJ9YORQ5NX,143441,194670,1495887,1.3571,10.4286,7.6842,0,0.5263,0.7143,0,0.1082,0.1008,562,0
CJAZHILERB,128388,151731,735311,1.1818,5.7273,4.8461,0.0484,0.7692,0.9091,0,0.1452,0.0498,570,0
CJC9TW6SJX,239255,625743,772976,2.6154,3.2308,1.2353,0.0287,0.2941,0.7692,1,0.1097,0.1097,697,0
CJCHGTD7OH,58260,267025,233040,4.5833,4,0.8727,0,0.1818,0.8333,0,0.0553,0.3758,606,0
CJEDX2TIOL,155917,389793,441765,2.5,2.8333,1.1333,0.0472,0.3333,0.8333,0,0.1813,0.1968,620,0
CJGRQ0XZ01,418922,1256767,2481310,3,5.9231,1.9744,0,0.2564,0.7692,1,0.0753,0.0947,684,0
CJINYBGK7V,144582,52575,552040,0.3636,3.8182,10.5,0,2.5,0.9091,0,0.2167,0.0588,614,0
CJITH187VQ,0,15813,14759,6.5752,6.722,0.9333,0.0602,0.2222,0.9277,0,0,0.09,551,0
CJJ3IQPGIP,58387,834934,87580,14.3,1.5,0.1049,0,0.0699,1,0,0.1533,0.1894,613,0
CJJALTSX5D,136192,442623,919293,3.25,6.75,2.0769,0.0351,0.2564,0.8333,0,0.1889,0.1248,566,0
CJLO19B9Z7,54772,54772,248965,1,4.5455,4.5455,0,0.9091,0.9091,0,0.3218,0.0953,621,0
CJM3WVGMM1,25397,12698,690798,0.5,27.2,54.4021,0,2.0001,1,0,0.1319,0.1879,361,1
CJOK6B52H8,12590,3777,0,0.3,0,0,0.0241,3.3333,1,0,0.316,0.0505,677,0
CJPLXF4JCQ,17371,129317,25091,7.4444,1.4444,0.194,0,0.1493,1.1111,0,0.1687,0.1348,643,0
CJQHITUFWT,9164,4582,0,0.5,0,0,0.0302,2.5,1.25,0,0.3976,0.0642,626,0
CJQMP6INWD,25364,138348,29975,5.4545,1.1818,0.2167,0,0.1667,0.9091,0,0.2349,0.2899,653,0
CJTRJ15N24,187642,187642,1228205,1,6.5455,6.5455,0,0.9091,0.9091,0,0.2081,0.0555,577,0
CJVJ7E10NY,135092,364748,1486012,2.7,11,4.0741,0,0.3704,1,1,0.0347,0.2856,500,0
CJYXE2LZNC,43256,259536,82186,6,1.9,0.3167,0,0.1667,1,0,0.1936,0.1482,612,0
CK05YFHW8Z,22198,4440,486136,0.2,21.9,109.4901,0.2197,4.9995,1,0,0.1089,0.1165,455,1
CK31F2O3ZA,20941,262711,24748,12.5453,1.1818,0.0942,0,0.0725,0.9091,0,0.2881,0.3032,595,0
CK62CGZB4T,6456,2582,0,0.3999,0,0,0.0353,5.0008,2,0,0.4696,0.0813,664,1
CK6QWP3E8S,164651,444558,3095439,2.7,18.8,6.963,0.1605,0.3704,1,0,0.0434,0.332,467,0
CK782P98C0,26607,16932,616794,0.6364,23.1816,36.4277,0,1.4285,0.9091,0,0.1497,0.1489,386,1
CKA95CTVN4,0,5506,3028,13.1977,6.0241,0.5499,0,0.5,1.1331,0,0.1328,0.1936,546,0
CKAGQBH967,98961,228372,1004837,2.3077,10.1539,4.4,0.0348,0.3333,0.7692,1,0.1293,0.1439,550,0
CKB6A3GV8U,51157,35810,342752,0.7,6.7,9.5714,0.0724,1.4286,1,0,0.3164,0.0676,559,0
CKBIXB515S,74780,184074,477441,2.4615,6.3846,2.5937,0,0.3125,0.7692,0,0.1366,0.1116,608,0
CKCN5Z53SR,4436,2661,0,0.5999,0,0,0,3.3337,1.9998,0,0.5956,0.0913,635,0
CKCZYPG3Q0,124492,572663,1904728,4.6,15.3,3.3261,0.1884,0.2174,1,0,0.0671,0.3695,515,0
CKDXB8T6ZL,57860,583860,15780,10.0909,0.2727,0.027,0,0.0901,0.9091,0,0.2044,0.179,632,0
CKF1UHAMI5,111294,131529,182117,1.1818,1.6364,1.3846,0.0637,0.7692,0.9091,0,0.1961,0.0662,616,0
CKG1W58YOI,58193,17458,314242,0.3,5.4,17.9999,0,3.3333,1,0,0.3412,0.0903,606,0
CKGIX1C4MF,16179,249880,32359,15.4447,2.0001,0.1295,0,0.0719,1.1111,0,0.1471,0.2002,619,1
CKIZEC0DO7,62754,43928,50203,0.7,0.8,1.1428,0.1605,1.4286,1,0,0.49,0.1549,650,0
CKJU4TDRD5,18029,1639,0,0.0909,0,0,0,10,0.9091,0,0.4303,0.0457,633,1
CKLOP4RU0U,196038,686133,1993053,3.5,10.1667,2.9048,0.0348,0.2381,0.8333,0,0.1333,0.1471,587,0
CKM70R8TW4,202442,513892,482748,2.5385,2.3846,0.9394,0,0.303,0.7692,0,0.1175,0.102,688,0
CKO82BQUEH,230050,552121,1257609,2.4,5.4667,2.2778,0.031,0.2778,0.6667,0,0.1193,0.1244,648,0
CKOPYSEXUL,14750,14750,388419,1,26.3335,26.3335,0,1.1111,1.1111,0,0.13,0.1845,423,1
CKPNHL7K1L,251295,1325010,3655200,5.2727,14.5455,2.7586,0,0.1724,0.9091,1,0.0456,0.2583,453,1
CKPW67OT19,42123,214827,25274,5.1,0.6,0.1176,0,0.1961,1,0,0.1173,0.1265,655,0
CKQILDGGEN,110013,418049,1617191,3.8,14.7,3.8684,0.1518,0.2632,1,0,0.041,0.3079,518,1
CKQZKG8604,15187,3037,0,0.2,0,0,0,5.0007,1,0,0.5247,0.0527,659,0
CKRZT7OY7C,46106,466184,81966,10.1111,1.7778,0.1758,0,0.1099,1.1111,0,0.1596,0.1973,605,0
CKSKBKH1OK,134780,183790,428844,1.3636,3.1818,2.3333,0.0676,0.6667,0.9091,0,0.208,0.0768,618,0
CKTWIYZKRV,19290,196403,17536,10.1816,0.9091,0.0893,0,0.0893,0.9091,0,0.1718,0.2297,637,1
CKUYDI2SBV,15973,137368,4792,8.6,0.3,0.0349,0,0.1163,1,0,0.1553,0.1913,655,0
CKWGMZ21VX,115261,316968,336178,2.75,2.9167,1.0606,0,0.303,0.8333,0,0.2772,0.1137,577,0
CKX2EB4XMH,10488,3933,0,0.375,0,0,0.0313,3.3333,1.25,0,0.5465,0.0655,629,1
CKYSMYNL39,82477,296917,173202,3.6,2.1,0.5833,0,0.2778,1,1,0.0494,0.3384,585,0
CKYVEXXFZJ,177306,546694,1654856,3.0833,9.3333,3.027,0.0358,0.2703,0.8333,0,0.1736,0.1225,593,1
CKZK5E96P5,128862,115976,103090,0.9,0.8,0.8889,0.0794,1.1111,1,0,0.2393,0.0656,655,0
CL2GHBP14Y,42852,257112,146411,6,3.4167,0.5694,0,0.1389,0.8333,0,0.067,0.4751,639,1
CL2REPLBNQ,44600,28382,198670,0.6364,4.4545,6.9999,0,1.4285,0.9091,0,0.1796,0.0669,590,0
CL3WIYY3ZF,59164,65080,378650,1.1,6.4,5.8182,0.0598,0.9091,1,0,0.1808,0.0525,614,1
CL83PMM03W,0,7824,17408,9.1476,0,2.2249,0.1999,0.25,0.9471,0,0.2594,0.2285,594,0
CLANBXPKJI,146815,573912,787461,3.9091,5.3636,1.3721,0,0.2326,0.9091,0,0.1652,0.1118,571,0
CLB16I4RFK,117027,128730,315973,1.1,2.7,2.4545,0.0557,0.9091,1,0,0.2002,0.0655,621,0
CLFXZLNICO,237213,927286,2609341,3.9091,11,2.814,0,0.2326,0.9091,0,0.211,0.1442,505,1
CLH4I0L1VA,0,31094,758,7.2934,4.9587,0.0244,0.0829,0.2439,0.803,0,0,0.1519,621,0
CLLK33CA4M,249476,409853,1283018,1.6429,5.1429,3.1304,0,0.4348,0.7143,0,0.1576,0.1691,606,0
CLMJRXIWJ7,23663,137245,42593,5.8,1.8,0.3103,0,0.1724,1,0,0.1992,0.223,643,0
CLMPW4HFGQ,316549,2479635,2822564,7.8333,8.9167,1.1383,0,0.1064,0.8333,1,0.0293,0.2212,505,1
CLNXXL0ERO,36201,321784,64357,8.8888,1.7778,0.2,0,0.125,1.1111,0,0.1246,0.1538,620,1
CLP47OTKST,90599,951290,90599,10.5,1,0.0952,0,0.0952,1,0,0.1413,0.1239,617,0
CLPXL4SYZP,208362,1312681,2229473,6.3,10.7,1.6984,0,0.1587,1,0,0.0589,0.3751,565,1
CLT8VCLNNT,255662,790228,1882602,3.0909,7.3636,2.3824,0.0306,0.2941,0.9091,0,0.1377,0.1265,557,0
CLU3OR6NCG,144719,684128,1078817,4.7273,7.4546,1.5769,0,0.1923,0.9091,0,0.0526,0.3212,570,1
CLU51916AR,81816,275199,855347,3.3636,10.4545,3.1081,0.129,0.2703,0.9091,0,0.0343,0.2664,532,0
CLVKERDC1D,311658,779145,4581373,2.5,14.7,5.88,0.1142,0.4,1,1,0.0427,0.2361,477,1
CLVWVTNJDU,318996,1797975,3450952,5.6364,10.8182,1.9194,0.0926,0.1613,0.9091,1,0.0325,0.2125,562,0
CLX47TVHR4,9089,5050,36356,0.5556,4,7.1992,0.2472,1.9998,1.1111,0,0.092,0.1581,559,0
CLX6U5VVST,0,59602,99336,3.7176,3.9853,1.6667,0.0811,0.2778,1.2171,0,0.2237,0.0869,575,0
CLYL3W5XMK,95443,242945,78089,2.5454,0.8182,0.3214,0,0.3571,0.9091,0,0.0368,0.3021,609,0
CLYW8W50MT,165547,707336,391292,4.2727,2.3636,0.5532,0.0317,0.2128,0.9091,0,0.1198,0.1309,596,0
CM2CBROFA6,0,6300,10192,6.1233,0.8212,1.6178,0.1195,0.2941,0.8491,0,0.1532,0.1726,677,0
CM36GWOUJY,5461,3823,26759,0.7001,4.9,6.9995,0,1.4285,1,0,0.1732,0.2346,632,0
CM5A5ZN8NB,208803,656238,1894142,3.1429,9.0714,2.8864,0,0.2273,0.7143,0,0.1169,0.0983,624,1
CM5HZZUZ4B,172700,316617,446143,1.8333,2.5833,1.4091,0.0522,0.4545,0.8333,0,0.1979,0.2144,643,0
CM7OYI7QI7,4134,591,0,0.143,0,0,0.0329,9.9932,1.4286,0,0.4115,0.0612,678,0
CM81JTV6BK,16112,152329,5859,9.4544,0.3636,0.0385,0,0.0962,0.9091,0,0.1758,0.1504,607,0
CM8AUQN1H0,403087,503859,2015436,1.25,5,4,0.0235,0.6667,0.8333,0,0.0909,0.0971,614,0
CMADHI95FD,185860,1412536,1040816,7.6,5.6,0.7368,0,0.1316,1,0,0.032,0.2762,551,1
CMAF6UCLON,17013,17013,234397,1,13.7775,13.7775,0,1.1111,1.1111,0,0.2446,0.3094,464,0
CMAKBA5TUB,114715,57358,504746,0.5,4.4,8.7999,0,2,1,0,0.2274,0.0659,570,1
CMET6VL5JM,59514,136882,482063,2.3,8.1,3.5217,0.1833,0.4348,1,0,0.0494,0.3253,561,0
CMFGUDSB22,73060,862108,29224,11.8,0.4,0.0339,0,0.0847,1,0,0.1096,0.1351,655,0
CMG8AXG0VO,99921,228390,656622,2.2857,6.5714,2.875,0,0.3125,0.7143,0,0.1255,0.1334,621,0
CMG9U619AE,76768,179126,588558,2.3333,7.6667,3.2857,0.0417,0.2857,0.6667,0,0.1592,0.1605,564,0
CMHKDEKDOE,0,1903,27190,1.724,0,14.288,0,1.4288,0.7998,0,0.318,0,672,0
CMI1TMONJ8,233016,332880,665760,1.4286,2.8571,2,0.022,0.5,0.7143,0,0.0837,0.087,633,0
CMIN2KGQT6,398023,995058,2089622,2.5,5.25,2.1,0,0.3333,0.8333,0,0.102,0.0969,657,0
CMJC3VSYR4,77055,107877,130994,1.4,1.7,1.2143,0,0.7143,1,1,0.2724,0.0505,575,1
CMJUXIGQPB,263334,614446,719780,2.3333,2.7333,1.1714,0.018,0.2857,0.6667,0,0.068,0.0858,647,0
CMLWZJEE17,127988,477047,1733660,3.7273,13.5455,3.6341,0,0.2439,0.9091,0,0.1192,0.1303,522,0
CMM616MIDG,50906,86540,330889,1.7,6.5,3.8235,0.1002,0.5882,1,0,0.306,0.1107,600,0
CMNPT8ZFCY,12004,106836,4802,8.9,0.4,0.0449,0,0.1124,1,0,0.2455,0.1624,599,1
CMNWAG4FXG,33308,233156,105980,7,3.1818,0.4545,0,0.1299,0.9091,0,0.0779,0.4838,663,0
CMOMYAX3PK,48768,764037,10837,15.6668,0.2222,0.0142,0,0.0709,1.1111,0,0.2189,0.1949,655,0
CMP8R1EMLD,11645,3494,22126,0.3,1.9,6.3326,0,3.3329,1,0,0.2809,0.3005,610,0
CMQDPAG2Y2,131299,131299,1432356,1,10.9091,10.9091,0,0.9091,0.9091,0,0.1343,0.1258,536,0
CMRX5JMLAR,188257,363066,430301,1.9286,2.2857,1.1852,0.0372,0.3704,0.7143,1,0.1394,0.1255,637,1
CMTSZKRZ5H,288302,967871,2924206,3.3571,10.1429,3.0213,0.023,0.2128,0.7143,1,0.0863,0.1071,528,0
CMTZJ1U876,202452,364414,1376674,1.8,6.8,3.7778,0.019,0.3704,0.6667,0,0.1032,0.0886,527,1
CMUT3XJO72,80891,889801,64713,11,0.8,0.0727,0,0.0909,1,0,0.1198,0.1576,607,0
CMVAFHRP07,21411,267638,38540,12.5,1.8,0.144,0,0.08,1,0,0.1783,0.1651,643,0
CMWUMRVXWL,19722,1793,0,0.0909,0,0,0.0248,9.9994,0.9091,0,0.3312,0.0514,615,0
CMX6Q26CRJ,111234,141571,171907,1.2727,1.5455,1.2143,0.0581,0.7143,0.9091,0,0.1775,0.0541,626,0
CN1V5NORB2,473959,1218751,1354168,2.5714,2.8571,1.1111,0,0.2778,0.7143,1,0.1007,0.0874,800,0
CN37BF76H2,178893,1556369,2969624,8.7,16.6,1.908,0.1223,0.1149,1,1,0.0329,0.2811,488,1
CN383X0BHI,9805,8170,0,0.8332,0,0,0,2.0001,1.6666,0,0.8482,0.081,664,0
CN3GK0NCOJ,402919,374139,2129713,0.9286,5.2857,5.6923,0,0.7692,0.7143,0,0.1076,0.0983,563,1
CN42FLFVYE,11706,11706,30727,1,2.6249,2.6249,0,1.25,1.25,0,0.2867,0.4043,663,1
CN4LHRE7KA,230630,514483,1383782,2.2308,6,2.6897,0,0.3448,0.7692,0,0.1201,0.0909,627,0
CN7OAFZIEV,63931,671276,63931,10.5,1,0.0952,0,0.0952,1,1,0.1406,0.142,616,0
CN8RFJNEZQ,275408,1904908,4452436,6.9167,16.1667,2.3373,0.1073,0.1205,0.8333,1,0.038,0.1931,557,0
CN92BGL65R,31687,389750,63374,12.3,2,0.1626,0,0.0813,1,0,0.1867,0.22,644,0
CN95813JLH,91298,100428,666475,1.1,7.3,6.6363,0.0559,0.9091,1,0,0.1693,0.0643,588,0
CN9VBUS6UE,25842,146436,45941,5.6666,1.7778,0.3137,0,0.1961,1.1111,0,0.1761,0.19,605,0
CN9VMW5PCQ,181639,544916,1634749,3,9,3,0.0333,0.2381,0.7143,0,0.1263,0.1334,616,0
CNBAQ6EGV0,20846,268679,23162,12.8888,1.1111,0.0862,0,0.0862,1.1111,0,0.3418,0.3409,584,0
CNCDAZBA8R,21596,2160,60469,0.1,2.8,27.9949,0,9.9981,1,0,0.1545,0.1829,624,0
CNCTUZC0Z3,42650,263656,42650,6.1819,1,0.1618,0,0.1471,0.9091,0,0.2205,0.3098,614,0
CNDML2DDXO,130724,163406,1329031,1.25,10.1667,8.1333,0,0.6667,0.8333,0,0.2584,0.2128,551,0
CNDS1NDKU3,15619,123531,5680,7.909,0.3637,0.046,0,0.1149,0.9091,0,0.1657,0.1368,625,0
CNF3DAQ3P5,128017,256034,1075343,2,8.4,4.2,0,0.5,1,0,0.2305,0.0788,575,1
CNJQ9PNST7,140740,76767,933998,0.5455,6.6363,12.1667,0.0498,1.6667,0.9091,0,0.1503,0.0541,578,0
CNLODW1Q8Y,53192,67698,130561,1.2727,2.4545,1.9286,0.0742,0.7143,0.9091,0,0.2259,0.0735,645,0
CNMOAEYHTH,71729,78902,236706,1.1,3.3,3,0,0.9091,1,0,0.2431,0.0825,635,0
CNO7WCHLI1,117996,372141,190609,3.1538,1.6154,0.5122,0.0244,0.2439,0.7692,0,0.0925,0.1055,639,0
CNOUG19DGU,33049,409808,3305,12.4,0.1,0.0081,0,0.0806,1,0,0.1091,0.1332,686,0
CNSBXQTGXV,78255,46953,735597,0.6,9.4,15.6667,0.0525,1.6667,1,0,0.1593,0.0543,495,0
CNTFX38XSI,105534,1034233,1245301,9.8,11.8,1.2041,0,0.102,1,0,0.0472,0.3577,516,1
CNVJUAYKU1,45835,9167,242926,0.2,5.3,26.5001,0.0706,5,1,0,0.2125,0.0824,562,0
CNX3I9QOCZ,502583,963284,1088929,1.9167,2.1667,1.1304,0,0.4348,0.8333,1,0.0608,0.0809,603,1
CNYSJ7QHOL,202932,930105,2942514,4.5833,14.5,3.1636,0.0974,0.1818,0.8333,0,0.034,0.2024,513,0
CNZDY0X0HY,168125,252187,1162863,1.5,6.9167,4.6111,0.0458,0.5556,0.8333,0,0.1733,0.1898,575,0
CO8XLXXSDY,108880,108880,642392,1,5.9,5.9,0.0703,1,1,0,0.2166,0.0725,596,0
COBPI8XRHG,16092,16092,395148,1,24.5556,24.5556,0.2968,1.1111,1.1111,0,0.1124,0.138,382,1
COC0XHDXWY,73423,241247,624096,3.2857,8.5,2.587,0,0.2174,0.7143,0,0.1753,0.2238,564,0
CODTL2XF09,26956,12252,502352,0.4545,18.636,41.0016,0,2.0001,0.9091,0,0.1338,0.1889,420,0
COENCZOXOC,309710,1032368,1471124,3.3333,4.75,1.425,0.031,0.25,0.8333,1,0.1177,0.1116,630,0
COFQTJ8DRA,180463,257804,837863,1.4286,4.6429,3.25,0.0166,0.5,0.7143,0,0.064,0.0706,604,0
COGYOWJX8T,18523,244914,41162,13.2222,2.2222,0.1681,0,0.084,1.1111,0,0.1288,0.1582,591,0
COHOIPUQJY,17875,11917,232374,0.6667,12.9999,19.4994,0,1.6666,1.1111,0,0.091,0.1674,512,0
COI3MBCR09,0,11929,22081,6.8981,3.2077,1.851,0,0.2128,1.1032,0,0.0823,0.3512,623,0
COJ8Y0F6NT,132718,627396,1278922,4.7273,9.6364,2.0385,0,0.1923,0.9091,0,0.0668,0.3509,512,1
COKORHC6JP,56326,757834,5120,13.4544,0.0909,0.0068,0,0.0676,0.9091,0,0.2206,0.1598,645,0
COLA3DY6P5,202192,974198,330860,4.8182,1.6364,0.3396,0.189,0.1887,0.9091,0,0.0564,0.3899,631,0
COOEL3G0BF,16619,3693,0,0.2222,0,0,0.0219,5.0003,1.1111,0,0.2837,0.0448,607,0
COP6FKAJW1,89235,1106514,160623,12.4,1.8,0.1452,0,0.0806,1,0,0.0981,0.1216,631,0
COPF3LLVUR,81756,133783,282431,1.6364,3.4546,2.1111,0.0411,0.5556,0.9091,0,0.1544,0.1428,615,0
COPLX2HI73,343136,1185380,1310156,3.4545,3.8182,1.1053,0,0.2632,0.9091,1,0.0255,0.2191,650,0
COPPUFO3OX,6736,1123,0,0.1667,0,0,0.0374,9.9973,1.6667,0,0.5154,0.0793,658,0
COQCX0L0TE,21958,251521,9981,11.4546,0.4545,0.0397,0,0.0794,0.9091,0,0.2869,0.3062,611,0
CORT1EH7VB,0,27524,100088,0.248,7.8206,3.6364,0,0.9091,0.9272,0,0.1377,0.1776,487,1
COSIAE9IJG,16383,14335,163832,0.875,10.0001,11.4288,0,1.4286,1.25,0,0.1881,0.2493,462,0
COTTPMD2Q8,134648,220333,514109,1.6364,3.8182,2.3333,0.0517,0.5556,0.9091,0,0.1842,0.0494,595,0
COWTHKY7RR,69502,158861,253184,2.2857,3.6428,1.5937,0,0.3125,0.7143,0,0.2264,0.1604,621,0
COXO9A2HKZ,113117,863806,1090040,7.6364,9.6364,1.2619,0.1979,0.119,0.9091,0,0.0533,0.2858,559,0
COYD0IIM8X,41076,362217,18671,8.8182,0.4545,0.0515,0,0.1031,0.9091,0,0.1212,0.1763,640,0
COYUKTYDR8,21507,341727,28676,15.8891,1.3333,0.0839,0,0.0699,1.1111,0,0.3346,0.3366,584,0
CP0DZR7AQR,33183,302334,47931,9.1111,1.4444,0.1585,0,0.122,1.1111,0,0.2349,0.3082,601,0
CP1WW2DP6N,55030,330178,18343,6,0.3333,0.0556,0,0.1852,1.1111,0,0.2428,0.1715,630,0
CP2A5SN65K,208733,1878594,891858,9,4.2727,0.4747,0,0.101,0.9091,0,0.0466,0.3546,622,0
CP3N4570XO,91743,394495,1266053,4.3,13.8,3.2093,0,0.2326,1,0,0.0538,0.4143,496,0
CP4CYT1OIW,11170,1396,26528,0.125,2.3749,19.0029,0,10.0014,1.25,0,0.2062,0.1696,587,1
CP5Q08R3OL,19062,146142,36006,7.6667,1.8889,0.2464,0,0.1449,1.1111,0,0.1321,0.1605,650,0
CP77USMDIS,22986,360114,48526,15.6667,2.1111,0.1348,0,0.0709,1.1111,0,0.1313,0.1584,554,0
CP7STXWR18,181078,739400,1750417,4.0833,9.6666,2.3673,0,0.2041,0.8333,0,0.1159,0.1257,559,1
CP8C8X4J6U,236207,269950,1889653,1.1429,8,7,0,0.625,0.7143,1,0.0909,0.0747,603,0
CPC8EM86RB,25569,176426,28126,6.9,1.1,0.1594,0,0.1449,1,0,0.146,0.1277,600,0
CPDH0YRF5Q,81200,121800,747040,1.5,9.2,6.1333,0.1237,0.6667,1,0,0.3754,0.1285,565,0
CPETELICK2,662094,898556,4823825,1.3571,7.2857,5.3684,0.0145,0.5263,0.7143,1,0.0555,0.0788,523,0
CPFSFPC0HB,140887,305256,340477,2.1667,2.4167,1.1154,0.0309,0.3846,0.8333,1,0.1169,0.1094,673,0
CPGO2H2QQ3,60401,42281,398647,0.7,6.6,9.4285,0.0544,1.4286,1,0,0.1669,0.0586,575,0
CPGPN0H7Q7,35705,42846,217800,1.2,6.1,5.0833,0.06,0.8333,1,1,0.182,0.062,554,0
CPJT3GI2HU,153910,125926,699590,0.8182,4.5454,5.5556,0.0666,1.1111,0.9091,1,0.2749,0.0687,591,0
CPKNUYY4I2,360959,832983,2637780,2.3077,7.3077,3.1667,0.0244,0.3333,0.7692,0,0.0919,0.1039,646,0
CPLPNXSFB7,50887,411723,18504,8.0909,0.3636,0.0449,0,0.1124,0.9091,0,0.1487,0.1799,661,0
CPMISHFXDA,8352,4772,0,0.5714,0,0,0.0527,2.5002,1.4285,0,0.6883,0.1116,638,1
CPNUPPXNOR,427030,952606,2102304,2.2308,4.9231,2.2069,0.0209,0.3448,0.7692,1,0.0795,0.0867,559,0
CPQYSDMRSI,185872,557615,480168,3,2.5833,0.8611,0.0256,0.2778,0.8333,0,0.1331,0.0974,620,0
CPSAQFHQWN,161773,517674,2782496,3.2,17.2,5.375,0,0.3125,1,1,0.0652,0.344,520,0
CPTIWVNK0R,423260,1237223,2897706,2.9231,6.8462,2.3421,0,0.2632,0.7692,0,0.0984,0.0957,522,0
CPUUZKOC8I,246648,756387,493296,3.0667,2,0.6522,0.0185,0.2174,0.6667,1,0.0705,0.0762,623,0
CPVKH6R2O5,9016,5410,128929,0.6,14.3,23.8316,0.3029,1.6665,1,0,0.1099,0.1441,536,0
CPVXNU6NIH,14959,200451,11967,13.4,0.8,0.0597,0,0.0746,1,0,0.281,0.181,638,0
CPW97ITUGP,115560,219564,80892,1.9,0.7,0.3684,0.0696,0.5263,1,0,0.2119,0.0718,625,0
CPZK2ORLFW,68906,218204,562736,3.1667,8.1667,2.5789,0.0524,0.2632,0.8333,0,0.1998,0.1954,541,0
CPZOG49540,33697,13479,320122,0.4,9.5,23.7497,0,2.5,1,0,0.2708,0.0743,560,0
CQ0BKBSWTD,23062,345924,30749,14.9997,1.3333,0.0889,0,0.0741,1.1111,0,0.0923,0.1294,604,0
CQ28OBK2XU,120222,204377,1166153,1.7,9.7,5.7059,0,0.5882,1,0,0.1887,0.0638,538,0
CQ7TTR8ZSG,82484,749850,922316,9.0909,11.1818,1.23,0,0.1,0.9091,0,0.0627,0.3756,558,1
CQ81NMJ7F6,21822,216038,28369,9.9,1.3,0.1313,0,0.101,1,0,0.1931,0.1794,634,0
CQ8W8UXURZ,414920,1357920,2414080,3.2727,5.8182,1.7778,0.0182,0.2778,0.9091,0,0.0697,0.1016,538,0
CQ8XGI0FAU,18306,7322,60410,0.4,3.3,8.2505,0.4382,2.5001,1,0,0.1642,0.2133,614,0
CQ9MC0W79N,17716,265748,11811,15.0005,0.6667,0.0444,0,0.0741,1.1111,0,0.2996,0.3128,653,0
CQA9LAFU87,72542,87050,696403,1.2,9.6,8,0,0.8333,1,1,0.2206,0.0746,585,0
CQC8DV1JHH,241585,704624,2134003,2.9167,8.8333,3.0286,0,0.2857,0.8333,1,0.0719,0.0825,537,0
CQCIVG5WXV,90168,18034,234437,0.2,2.6,12.9997,0,4.9999,1,0,0.3498,0.0502,590,0
CQCMHJBKIO,337242,2422014,4046909,7.1818,12,1.6709,0,0.1266,0.9091,1,0.029,0.2427,502,1
CQDA5VFFZU,61064,97702,103809,1.6,1.7,1.0625,0.0713,0.625,1,1,0.2907,0.087,584,0
CQDJ15H9AU,282341,927691,2399897,3.2857,8.5,2.587,0,0.2174,0.7143,0,0.1033,0.0981,609,0
CQEKX4ZK5I,342659,1588691,4174207,4.6364,12.1818,2.6275,0,0.1961,0.9091,1,0.0294,0.2371,573,0
CQFBAOE6VA,120168,132185,733025,1.1,6.1,5.5454,0.0651,0.9091,1,0,0.1975,0.0714,572,1
CQFC3SS77O,44701,272676,8940,6.1,0.2,0.0328,0,0.1639,1,1,0.1437,0.1556,656,0
CQFL6QW3F9,42073,538534,33658,12.8,0.8,0.0625,0,0.0781,1,0,0.1647,0.2022,655,0
CQG0I47R30,14610,86333,15938,5.9092,1.0909,0.1846,0,0.1538,0.9091,0,0.2118,0.1895,570,1
CQHYVI31QK,19513,12417,342363,0.6363,17.5454,27.5721,0,1.4286,0.9091,0,0.1308,0.1852,512,1
CQLXZPTAOV,243779,1950230,1950230,8,8,1,0.1047,0.1136,0.9091,1,0.0422,0.2169,610,0
CQMKRNP8P4,90445,1068899,8222,11.8182,0.0909,0.0077,0,0.0769,0.9091,0,0.1042,0.1269,645,0
CQNRJPY0L9,341314,414453,1925988,1.2143,5.6429,4.6471,0,0.5882,0.7143,0,0.1305,0.1012,527,0
CQP46X0866,66839,613706,0,9.1819,0,0,0,0.099,0.9091,0,0.1223,0.1986,596,0
CQRIKAXCMG,122086,325562,2004239,2.6667,16.4166,6.1562,0,0.3125,0.8333,0,0.0589,0.4468,510,1
CQU42UAZAT,144998,474538,1647700,3.2727,11.3636,3.4722,0,0.2778,0.9091,1,0.1042,0.1115,532,0
CQV66RXZ7A,30478,450404,47411,14.778,1.5556,0.1053,0,0.0752,1.1111,0,0.1665,0.1964,616,0
CQW6175QWS,351365,432450,3216344,1.2308,9.1539,7.4375,0,0.625,0.7692,0,0.081,0.1037,494,0
CQX7VQ9153,7325,2747,36624,0.375,4.9999,13.3324,0,3.3331,1.25,0,0.2961,0.4145,625,1
CQYN882SPT,205316,914590,1978501,4.4545,9.6364,2.1633,0.0409,0.2041,0.9091,1,0.1798,0.1695,554,0
CQZSQNUU15,0,13123,21735,8.4044,0,1.6563,0.0183,0.3125,0.7811,0,0.0788,0.1502,618,1
CQZUSIZIH3,362734,1352008,5968620,3.7273,16.4545,4.4146,0.0891,0.2439,0.9091,1,0.024,0.2201,512,0
CR0HUGADOE,97081,153712,347874,1.5833,3.5833,2.2632,0.04,0.5263,0.8333,0,0.1552,0.1655,629,0
CR0OZGAQAM,320497,1228573,908075,3.8333,2.8333,0.7391,0,0.2174,0.8333,0,0.1549,0.1213,699,0
CR1JEJGFUH,45999,528988,45999,11.5,1,0.087,0,0.087,1,0,0.114,0.1416,602,0
CR21F0RC2D,156221,781104,511268,5,3.2727,0.6545,0,0.1818,0.9091,0,0.051,0.4234,600,1
CR28V2VTPV,152964,588325,1682610,3.8462,11,2.86,0,0.2,0.7692,0,0.1014,0.1163,545,0
CR309EQ5AX,56174,56174,455009,1,8.1,8.1,0.0456,1,1,0,0.139,0.0569,565,0
CR30NAM53O,42209,473680,84418,11.2223,2,0.1782,0,0.099,1.1111,0,0.1409,0.1775,601,0
CR3IBRC4EG,0,7705,24040,3.7354,8.8373,3.1201,0,0.4,0.959,0,0.1818,0.0816,614,0
CR7IRKLE1J,238986,614534,597464,2.5714,2.5,0.9722,0.0388,0.2778,0.7143,0,0.2104,0.1706,588,0
CRAWSKFP3F,428459,1285376,2882359,3,6.7273,2.2424,0,0.303,0.9091,1,0.0863,0.0997,578,0
CRB16ZF086,6238,6931,4852,1.1111,0.7778,0.7,0,1,1.1111,0,0.1408,0.1959,677,0
CRBACHCX5K,370505,598508,912013,1.6154,2.4615,1.5238,0.0245,0.4762,0.7692,1,0.0944,0.1014,676,0
CRDNXQFJVM,44184,614158,26510,13.9,0.6,0.0432,0,0.0719,1,0,0.1108,0.1374,642,0
CRGW8NDUUO,182234,1242502,1722937,6.8182,9.4545,1.3867,0,0.1333,0.9091,0,0.0426,0.3279,553,0
CRLI3FED4K,15758,15758,58305,1,3.7,3.7,0,1,1,0,0.2364,0.1925,614,0
CRN2U69U6M,308104,872960,539181,2.8333,1.75,0.6176,0,0.2941,0.8333,1,0.0782,0.0963,607,0
CRNFXHMCZ8,273858,252792,1200762,0.9231,4.3846,4.75,0.0312,0.8333,0.7692,1,0.1169,0.1274,680,0
CRO3DTRFRY,393495,2911863,1062436,7.4,2.7,0.3649,0.0959,0.1351,1,1,0.026,0.2331,684,0
CROTLBKYAA,201875,689739,1598176,3.4167,7.9167,2.3171,0,0.2439,0.8333,0,0.1391,0.1313,585,1
CRPPQWDXR8,167939,251908,1735368,1.5,10.3333,6.8889,0,0.5556,0.8333,0,0.1904,0.1051,500,1
CRPSYP7B67,39814,7963,398140,0.2,10,49.9987,0,4.9999,1,0,0.094,0.1527,546,0
CRR5AW3YLZ,69451,868138,55561,12.5,0.8,0.064,0,0.08,1,0,0.1152,0.1202,576,1
CRRL68YEAT,137237,212094,736090,1.5455,5.3636,3.4706,0.0486,0.5882,0.9091,0,0.149,0.0497,574,0
CRV2UWYVDM,0,13756,20474,10.8491,10.7651,1.4884,0,0.2326,1.2849,0,0.0904,0.1473,492,0
CRV8AALOPK,32597,420803,20744,12.9093,0.6364,0.0493,0,0.0704,0.9091,1,0.143,0.2018,622,0
CRX61M52RA,86362,69090,371357,0.8,4.3,5.375,0.0538,1.25,1,1,0.1625,0.0581,616,1
CRY003H913,57702,853990,17311,14.8,0.3,0.0203,0,0.0676,1,0,0.1443,0.1901,629,0
CRYQA5BPKL,107401,1405973,146456,13.0909,1.3636,0.1042,0,0.0694,0.9091,1,0.0892,0.1271,638,0
CRZZ3FXVXS,5704,815,0,0.1429,0,0,0,9.9975,1.4285,0,0.5514,0.0601,617,0
CS3SG9QY8D,358794,938383,883184,2.6154,2.4615,0.9412,0,0.2941,0.7692,0,0.093,0.1105,713,0
CS4N7VDG40,125522,182578,821599,1.4545,6.5455,4.5,0,0.625,0.9091,1,0.251,0.06,599,0
CS63ULP7SJ,57215,732352,57215,12.8,1,0.0781,0,0.0781,1,0,0.09,0.1306,610,0
CS8YMDXVVT,46636,575180,15545,12.3334,0.3333,0.027,0,0.0901,1.1111,0,0.1827,0.2244,677,0
CSAHN5PB6L,50970,477261,13901,9.3636,0.2727,0.0291,0,0.0971,0.9091,0,0.1913,0.1352,627,0
CSB2SOFYVF,19773,1977,120615,0.1,6.1,61.0091,0.2431,10.0015,1,0,0.11,0.1301,572,1
CSC000U481,32259,20162,1112942,0.625,34.5002,55.2,0.2912,2,1.25,0,0.1103,0.1815,300,1
CSCH9PGAV3,298506,964404,711822,3.2308,2.3846,0.7381,0.0269,0.2381,0.7692,1,0.1456,0.1079,669,0
CSDAO3N9KZ,321054,691502,543323,2.1538,1.6923,0.7857,0.0284,0.3571,0.7692,1,0.1081,0.111,613,0
CSDVODADIL,275838,845903,588454,3.0667,2.1333,0.6957,0.0267,0.2174,0.6667,0,0.1011,0.1035,634,0
CSHWVQS0B8,202230,173340,1184490,0.8571,5.8571,6.8333,0,0.8333,0.7143,0,0.1115,0.1149,590,1
CSMU9ESD0M,134922,359792,1113106,2.6667,8.25,3.0937,0,0.3125,0.8333,0,0.1942,0.1277,525,0
CSP6OME1BZ,77892,1107802,77892,14.2223,1,0.0703,0,0.0781,1.1111,0,0.119,0.1475,630,0
CSPDKZ81Q0,0,6757,22149,0,7.8055,3.2779,0,0.5556,0.8592,0,0.0144,0,591,0
CSQCV2BLPL,382228,682550,1501610,1.7857,3.9286,2.2,0,0.4,0.7143,1,0.0706,0.0872,643,0
CSQF910SL2,83162,198310,806035,2.3846,9.6923,4.0645,0,0.3226,0.7692,0,0.1555,0.1441,573,0
CSRRU78C5O,159927,930483,189004,5.8182,1.1818,0.2031,0.144,0.1563,0.9091,1,0.0387,0.2639,647,0
CSRUCC4HMW,86868,78181,677570,0.9,7.8,8.6667,0,1.1111,1,0,0.3483,0.1317,564,0
CSTCDVHXJJ,38535,558758,11560,14.5,0.3,0.0207,0,0.069,1,0,0.1099,0.1353,628,1
CSTT41MI0F,45872,293581,59634,6.4,1.3,0.2031,0,0.1562,1,0,0.1448,0.1759,639,0
CSU0YKJ9KO,14409,16010,422664,1.1111,29.3333,26.4,0,1,1.1111,0,0.276,0.3971,363,1
CSWZZACVM5,7532,1369,193770,0.1818,25.7262,141.5413,0,5.0015,0.9091,0,0.1301,0.1792,459,0
CSY8SRJE6J,462162,957336,3697299,2.0714,8,3.8621,0,0.3448,0.7143,1,0.0825,0.0893,572,1
CT1WZGNCLS,64103,52448,536130,0.8182,8.3636,10.2221,0,1.1111,0.9091,0,0.2788,0.0958,589,0
CT1YF7E3M9,60299,32890,405646,0.5454,6.7272,12.3334,0.0724,1.6667,0.9091,0,0.2211,0.0698,593,0
CT2I5ILNJO,386108,675690,1512258,1.75,3.9167,2.2381,0,0.4762,0.8333,1,0.0917,0.118,535,0
CT8553YB3D,77889,116834,724368,1.5,9.3,6.2,0,0.6667,1,0,0.3241,0.1001,596,0
CT8N1MILIB,281577,974691,888052,3.4615,3.1539,0.9111,0.0263,0.2222,0.7692,0,0.101,0.1035,617,0
CT8R4B2JZF,291949,604752,2043643,2.0714,7,3.3793,0,0.3448,0.7143,1,0.0948,0.093,622,0
CT8SFQCNO2,169253,278058,1402382,1.6429,8.2857,5.0435,0,0.4348,0.7143,0,0.1348,0.099,565,0
CTAE9WUXJ2,31869,237570,31869,7.4546,1,0.1341,0,0.122,0.9091,0,0.2649,0.276,581,0
CTAJ3WJMYR,153609,184331,691240,1.2,4.5,3.75,0.0638,0.8333,1,1,0.1957,0.0583,591,0
CTBA9KUA1D,125508,460196,794884,3.6667,6.3333,1.7273,0,0.2273,0.8333,0,0.1075,0.1172,596,0
CTBFDYL3X2,17680,170903,25537,9.6665,1.4444,0.1494,0,0.1149,1.1111,0,0.2184,0.2704,595,0
CTC1Y5OVC8,56888,865963,94814,15.2222,1.6667,0.1095,0,0.073,1.1111,0,0.139,0.159,621,1
CTC2SK6LYP,29502,8851,188813,0.3,6.4,21.3324,0.0941,3.3332,1,0,0.2898,0.0964,564,0
CTFVW8GY2W,159977,47993,399942,0.3,2.5,8.3333,0,3.3333,1,0,0.1871,0.0632,596,0
CTG7CPOSFY,82531,103164,646494,1.25,7.8333,6.2667,0.0382,0.6667,0.8333,1,0.1461,0.158,571,0
CTGZ5578XC,28511,322174,37064,11.3,1.3,0.115,0,0.0885,1,0,0.1254,0.1712,595,0
CTGZPM7HO0,140505,1136815,89412,8.0909,0.6364,0.0787,0,0.1124,0.9091,1,0.0261,0.2381,626,0
CTIC3IX93M,40312,540181,32250,13.4,0.8,0.0597,0,0.0746,1,0,0.1801,0.1907,630,0
CTII0XKYNU,101880,138927,944704,1.3636,9.2727,6.8,0.0375,0.6667,0.9091,0,0.1443,0.1414,547,0
CTITSROLM2,318170,2400734,1851168,7.5454,5.8182,0.7711,0,0.1205,0.9091,1,0.0308,0.2497,588,0
CTMQS3ZT6S,86786,433928,899414,5,10.3636,2.0727,0,0.1818,0.9091,1,0.0328,0.2111,521,1
CTN1ENT62L,176145,739809,2730248,4.2,15.5,3.6905,0.1865,0.2381,1,0,0.0508,0.3629,547,1
CTQ7JZ7E75,10652,10652,314234,1,29.5,29.5,0,1.25,1.25,0,0.3305,0.3095,339,1
CTQFMV793O,157429,1159248,1073378,7.3636,6.8182,0.9259,0.1085,0.1235,0.9091,0,0.0293,0.2691,568,0
CTSKLKWZHD,60765,103300,54688,1.7,0.9,0.5294,0,0.5882,1,0,0.2112,0.0722,617,0
CTSLNWD43P,40936,24562,8187,0.6,0.2,0.3333,0.0994,1.6666,1,0,0.3433,0.078,666,0
CTSOPD41T5,139858,301232,892939,2.1538,6.3846,2.9643,0,0.3571,0.7692,1,0.1498,0.1614,597,0
CTSV9CRCAZ,86015,51609,670917,0.6,7.8,13,0,1.6667,1,0,0.2792,0.0837,541,1
CTUBZITC1G,183004,750316,2488854,4.1,13.6,3.3171,0.2007,0.2439,1,0,0.073,0.3233,558,0
CTUV0FUFWE,40198,259462,3654,6.4546,0.0909,0.0141,0,0.1408,0.9091,0,0.1012,0.122,649,0
CTUZCC7EHN,267260,229080,400890,0.8571,1.5,1.75,0,0.8333,0.7143,0,0.0958,0.1044,708,0
CTWRP8YS6J,27028,278388,21622,10.3,0.8,0.0777,0,0.0971,1,0,0.0935,0.1261,576,0
CTX25Z8638,112176,179482,964714,1.6,8.6,5.375,0.0643,0.625,1,1,0.1973,0.0668,579,0
CU0FNFRJP5,80896,145613,0,1.8,0,0,0.0809,0.5556,1,0,0.3091,0.0687,663,0
CU0OS91F5L,522998,1150594,2126856,2.2,4.0667,1.8485,0,0.303,0.6667,0,0.0652,0.0721,579,1
CU0TYZ2MHN,7087,4430,0,0.6251,0,0,0.0512,1.9998,1.25,0,0.6852,0.0972,681,0
CU2E6SP2IQ,167684,642790,1816581,3.8333,10.8334,2.8261,0,0.2174,0.8333,0,0.1283,0.1199,593,0
CU3P87KY50,44879,648258,59839,14.4446,1.3333,0.0923,0,0.0769,1.1111,0,0.2023,0.2451,659,0
CU6LDHGDU7,178922,536765,1691622,3,9.4545,3.1515,0.0299,0.303,0.9091,0,0.1425,0.1234,567,0
CU7NBJ93SN,0,6269,20494,0,2.8159,3.2691,0.0644,0.3846,0.6965,0,0.2662,0.0954,549,0
CU86DDVI8Z,202059,450747,1056924,2.2308,5.2308,2.3448,0.0269,0.3448,0.7692,0,0.1028,0.1084,592,0
CU8MFZJCG8,9358,5615,151600,0.6,16.2,26.9991,0,1.6666,1,0,0.0919,0.1549,499,0
CU9587Z73W,20007,22508,457665,1.125,22.8752,20.3334,0.5302,1.1111,1.25,0,0.2616,0.2814,423,0
CU9Q1ZVB68,200078,100039,720281,0.5,3.6,7.2,0,2,1,0,0.1466,0.0512,621,1
CUBWWCXXJN,14241,145572,3165,10.222,0.2222,0.0217,0,0.1087,1.1111,0,0.1461,0.1805,624,0
CUDY0VKGDL,70447,28179,317012,0.4,4.5,11.2499,0.0884,2.5,1,0,0.3225,0.0754,611,0
CUG49T96U1,30593,397706,40790,12.9999,1.3333,0.1026,0,0.0855,1.1111,0,0.1969,0.2413,638,0
CUGV0CLV8G,38166,33926,368941,0.8889,9.6667,10.8749,0.2354,1.25,1.1111,0,0.0885,0.1372,490,0
CUGVA9IKDS,70512,21154,197434,0.3,2.8,9.3332,0,3.3333,1,0,0.4266,0.1465,626,1
CUHLTSX5ED,64188,911470,77026,14.2,1.2,0.0845,0,0.0704,1,0,0.1054,0.1519,660,1
CUHRRK1JLD,199790,744671,2125036,3.7273,10.6363,2.8537,0.174,0.2439,0.9091,0,0.0469,0.3415,588,0
CUHS2TP3GW,165661,90361,707825,0.5455,4.2727,7.8333,0,1.6667,0.9091,0,0.2195,0.0532,613,0
CUKELMW7UQ,88668,150053,197797,1.6923,2.2308,1.3182,0,0.4545,0.7692,0,0.1468,0.0985,630,0
CUMKYTY0TN,158055,244266,1350648,1.5454,8.5454,5.5294,0.064,0.5882,0.9091,0,0.1921,0.0659,566,0
CUN2JRAZNS,275878,220703,2611650,0.8,9.4667,11.8333,0.0222,0.8333,0.6667,0,0.0832,0.1086,563,0
CUNXYJQVEF,57540,621432,57540,10.8,1,0.0926,0,0.0926,1,0,0.2121,0.189,629,0
CUONYUZMAE,6141,1228,0,0.2,0,0,0.0552,10.0016,2,0,0.7188,0.1146,586,1
CURCGLQ28E,39709,15884,778296,0.4,19.6,48.9987,0.25,2.4999,1,0,0.0941,0.1326,485,1
CURSTLD3QH,26625,18638,175725,0.7,6.6,9.4283,0,1.4285,1,0,0.2972,0.1202,571,1
CUSVSN476N,13766,5162,471472,0.375,34.249,91.3351,0.2634,3.3334,1.25,0,0.1,0.164,366,1
CUTYO8UZ1U,32929,256116,43906,7.7778,1.3334,0.1714,0,0.1429,1.1111,0,0.2852,0.2295,613,0
CUV497NAZE,153573,1298392,2136064,8.4546,13.9091,1.6452,0,0.1075,0.9091,1,0.0459,0.3243,483,1
CUWLFUS2YI,12024,1718,0,0.1429,0,0,0,9.9983,1.4286,0,0.4126,0.0659,651,0
CUXBV44CGO,10847,8875,195248,0.8182,18.0002,21.9998,0.3926,1.1111,0.9091,0,0.1645,0.208,507,0
CUXC1CWRW1,3790,1137,0,0.3,0,0,0.0615,3.3333,1,0,0.8047,0.1201,659,0
CUXKGOZGRG,39081,499364,39081,12.7777,1,0.0783,0,0.087,1.1111,0,0.1665,0.1798,618,1
CUXOHOJWMZ,191298,1043442,1321693,5.4545,6.9091,1.2667,0.115,0.1667,0.9091,1,0.031,0.2181,591,0
CUYDH6FF0Y,15881,11117,123872,0.7,7.8,11.1426,0.4301,1.4285,1,0,0.2036,0.205,522,0
CV129HJK9E,117622,176433,717494,1.5,6.1,4.0667,0,0.6667,1,0,0.2586,0.0626,526,0
CV13TYT59L,298406,682070,2131470,2.2857,7.1429,3.125,0.0228,0.3125,0.7143,1,0.0857,0.0943,552,1
CV29P4N1KZ,84915,169830,246254,2,2.9,1.45,0,0.5,1,0,0.2213,0.0597,644,0
CV3W0KUGNS,41942,468987,53381,11.1818,1.2727,0.1138,0,0.0813,0.9091,1,0.2049,0.1684,585,0
CV3YDSD4J5,44768,40698,773262,0.9091,17.2727,19,0.1791,1,0.9091,0,0.0674,0.1115,453,1
CV6EKAFC7U,9451,0,221153,0,23.4,0,0.249,1.1956,1,0,0.1906,0.1015,379,1
CV9G1F9WG1,102238,194252,122686,1.9,1.2,0.6316,0,0.5263,1,0,0.2655,0.0637,621,1
CVA1LSLIUT,262629,675331,2626288,2.5714,10,3.8889,0,0.2778,0.7143,0,0.139,0.1096,525,1
CVCGQ3O1JD,388814,742281,2156149,1.9091,5.5455,2.9048,0,0.4762,0.9091,0,0.1418,0.108,633,0
CVDWPL3ZGR,239024,1533740,2370325,6.4167,9.9167,1.5455,0,0.1299,0.8333,0,0.0256,0.2113,576,0
CVFZ5KFI86,43716,528964,4372,12.1,0.1,0.0083,0,0.0826,1,0,0.2795,0.2797,662,0
CVHZX45MYV,50936,45842,463518,0.9,9.1,10.1112,0.1328,1.1111,1,0,0.4032,0.1235,576,0
CVIP6O67DM,9609,1922,0,0.2,0,0,0,4.9995,1,0,0.3992,0.064,630,0
CVOBU3URZQ,0,7986,41261,6.1683,8.4117,5.1667,0.1285,1.6667,0.9156,0,0.0716,0.1842,560,0
CVQ3UC52QS,26768,10038,378098,0.375,14.125,37.6667,0,3.3333,1.25,0,0.1587,0.2218,542,1
CVQIEUXPUP,148708,1382984,2676744,9.3,18,1.9355,0,0.1075,1,0,0.0419,0.3822,484,0
CVQKIGJTFS,48358,42985,1171336,0.8889,24.2222,27.2499,0.2206,1.25,1.1111,0,0.0959,0.1271,343,1
CVQMTSWDJG,288056,493810,946468,1.7143,3.2857,1.9167,0.0307,0.4167,0.7143,0,0.1171,0.1274,589,0
CVR8NW0PMK,116447,186315,931576,1.6,8,5,0.0599,0.625,1,0,0.1832,0.0618,547,0
CVV7QHBMS8,204368,1839312,3269888,9,16,1.7778,0.1577,0.1111,1,0,0.0426,0.3229,467,1
CVYXJUUGDG,26498,339174,31798,12.8,1.2,0.0938,0,0.0781,1,0,0.1934,0.1963,608,0
CW0JU61SX5,42063,37857,37857,0.9,0.9,1,0.0733,1.1111,1,0,0.2275,0.076,660,1
CW1MWNE2JY,191741,479353,903923,2.5,4.7143,1.8857,0.0225,0.2857,0.7143,0,0.0857,0.1037,630,0
CW48CY2QQP,185365,320177,117960,1.7273,0.6364,0.3684,0,0.5263,0.9091,1,0.2249,0.0522,635,0
CW4RIT5Z6D,0,8448,30720,0,15.3031,3.6364,0.0725,0.4545,1.0931,0,0.344,0.2288,499,1
CW6T8OZ5TV,178532,471835,1351744,2.6429,7.5714,2.8649,0.0289,0.2703,0.7143,0,0.1094,0.0861,605,0
CW7048MJL0,7650,4371,0,0.5714,0,0,0.0346,2.5001,1.4285,0,0.4618,0.0703,618,1
CW9AZ2KZQH,16708,148512,18564,8.8887,1.1111,0.125,0,0.125,1.1111,0,0.2697,0.2671,611,0
CWAL3FNMI0,223930,2216907,738969,9.9,3.3,0.3333,0.1489,0.101,1,0,0.0534,0.3078,637,0
CWD321EK5V,222426,606615,1294112,2.7273,5.8182,2.1333,0.0269,0.3333,0.9091,0,0.2185,0.1112,585,0
CWFUAPBZZ7,158684,952103,2582218,6,16.2727,2.7121,0,0.1515,0.9091,0,0.0584,0.4012,528,0
CWH2TT5E29,44426,17770,93295,0.4,2.1,5.2501,0.0699,2.5001,1,0,0.212,0.0675,636,0
CWHV9DXM4Z,318615,1115152,2594435,3.5,8.1429,2.3265,0.0197,0.2041,0.7143,1,0.1199,0.0746,577,0
CWI9V1G9V8,7127,2036,0,0.2857,0,0,0.0373,5.001,1.4287,0,0.4853,0.076,600,0
CWIQ57EQ3M,0,6010,18814,1.9165,8.8846,3.1304,0.0307,0.4348,1.0052,0,0,0.1159,564,1
CWJ877I5JF,116651,137860,922600,1.1818,7.9091,6.6923,0,0.7692,0.9091,0,0.1812,0.0652,570,0
CWJE0TCGFT,176066,1584594,1424534,9,8.0909,0.899,0,0.101,0.9091,1,0.0674,0.3311,566,0
CWKI0BQD5V,9172,3669,76128,0.4,8.3,20.749,0,2.4999,1,0,0.2479,0.2682,566,0
CWM9GG0UKO,21744,125632,45904,5.7778,2.1111,0.3654,0,0.1923,1.1111,0,0.2671,0.2222,606,0
CWN50RFK46,87334,674858,1579960,7.7273,18.091,2.3412,0,0.1176,0.9091,0,0.0765,0.3411,430,1
CWNW0E8UNE,7700,1711,0,0.2222,0,0,0,5,1.111,0,0.4206,0.0627,627,1
CWOQHJ5X2U,163896,506586,1385663,3.0909,8.4545,2.7353,0.0935,0.2941,0.9091,1,0.0252,0.2003,549,1
CWRH5FX0M8,293346,900992,3059182,3.0714,10.4286,3.3953,0.0239,0.2326,0.7143,0,0.0906,0.0987,621,0
CWRT2XK90L,169063,783839,1859697,4.6364,11,2.3725,0.181,0.1961,0.9091,0,0.0493,0.3888,547,1
CWT7QB66D6,80621,16124,395043,0.2,4.9,24.5003,0.0519,5.0001,1,0,0.1557,0.0567,588,0
CWTRWIVMQD,23742,7914,263800,0.3333,11.1111,33.3333,0,3.3333,1.1111,0,0.1552,0.1995,525,1
CWZPFF4NJO,22543,275025,22543,12.2,1,0.082,0,0.082,1,0,0.1446,0.176,619,1
CX1V91FJFL,34023,20414,95264,0.6,2.8,4.6666,0,1.6667,1,0,0.4727,0.1371,641,0
CX806VQ02Q,378725,622191,4030718,1.6429,10.6429,6.4783,0,0.4348,0.7143,0,0.1006,0.1094,572,0
CX90QUPVNL,186574,149260,1119447,0.8,6,7.5,0.0332,0.8333,0.6667,0,0.1748,0.1448,561,1
CXAMT7VLGF,73994,44396,628949,0.6,8.5,14.1668,0.0944,1.6667,1,0,0.4215,0.0912,555,1
CXAR9PF89Y,13661,168898,18628,12.3635,1.3636,0.1103,0,0.0735,0.9091,0,0.267,0.3104,625,1
CXBKPTSCJZ,34803,435038,13921,12.5,0.4,0.032,0,0.08,1,0,0.1396,0.1641,674,0
CXCJLDEZP9,119566,489132,1163047,4.0909,9.7272,2.3778,0.0366,0.2222,0.9091,0,0.2034,0.1208,557,0
CXCTOIZS0X,266057,665144,1235266,2.5,4.6429,1.8571,0,0.2857,0.7143,0,0.1069,0.1165,580,0
CXCZEK45XU,68967,55174,572426,0.8,8.3,10.3749,0.0926,1.25,1,0,0.2807,0.0778,581,1
CXD5R19RRF,8988,3268,6537,0.3636,0.7273,2.0003,0.2701,2.5003,0.9091,0,0.1007,0.117,661,0
CXEKEVVZJV,24082,280959,0,11.6668,0,0,0,0.0952,1.1111,0,0.1587,0.1958,628,0
CXFJDBA4S1,359558,419485,4344664,1.1667,12.0833,10.3571,0,0.7143,0.8333,1,0.0761,0.0933,524,1
CXFM250QIQ,17116,123235,5135,7.2,0.3,0.0417,0,0.1389,1,0,0.1431,0.1711,654,0
CXH4YTKINH,42325,609480,33860,14.4,0.8,0.0556,0,0.0694,1,0,0.1806,0.2025,642,0
CXHN3793IM,59723,77640,334449,1.3,5.6,4.3077,0.0867,0.7692,1,0,0.2619,0.0892,586,0
CXKX8F9DJQ,65215,592860,11857,9.0909,0.1818,0.02,0,0.1,0.9091,0,0.1091,0.1339,663,0
CXMS76YTAH,180627,614132,180627,3.4,1,0.2941,0.1386,0.2941,1,0,0.037,0.316,613,0
CXNXD8LY8B,123476,473326,1440558,3.8333,11.6667,3.0435,0,0.2174,0.8333,0,0.1105,0.1192,544,1
CXOXZ40QJL,106933,194424,855466,1.8182,8,4.4,0,0.5,0.9091,0,0.1633,0.0556,532,0
CXR1W3YGSX,21618,190634,11792,8.8183,0.5455,0.0619,0,0.1031,0.9091,0,0.113,0.1358,589,0
CXR8RKU5YH,39300,247590,55020,6.3,1.4,0.2222,0,0.1587,1,0,0.1745,0.1722,638,0
CXRV9DRM18,82514,115520,651861,1.4,7.9,5.6428,0,0.7143,1,0,0.2657,0.0732,570,0
CXSKVBBTX9,20217,10108,80868,0.5,4,8.0004,0.4122,2.0001,1,0,0.1582,0.1899,561,0
CXUO6S5P07,69510,191152,254870,2.75,3.6667,1.3333,0,0.303,0.8333,0,0.1592,0.175,626,1
CXW0TYP091,289356,1078509,3077697,3.7273,10.6364,2.8537,0.1033,0.2439,0.9091,1,0.0281,0.2146,546,0
CXYD1GWTK8,100653,785093,1459468,7.8,14.5,1.859,0.2099,0.1282,1,0,0.0716,0.4356,498,1
CXYY97AJN3,52682,47414,52682,0.9,1,1.1111,0,1.1111,1,0,0.2054,0.049,591,0
CY2QHKQ3L7,44806,24440,232178,0.5455,5.1819,9.4999,0.2391,1.6667,0.9091,0,0.0902,0.1392,622,0
CY3MUDXQ9X,120753,169054,362259,1.4,3,2.1429,0.073,0.7143,1,1,0.2223,0.0661,655,0
CY4DFJ9PQN,0,15842,62576,0,8.4827,3.95,0,0.5,0.848,0,0.2224,0.0562,560,1
CY4SI2VOW2,16772,8386,0,0.5,0,0,0,2.5,1.25,0,0.313,0.0507,619,0
CY6T32CJFP,0,19808,49521,0.9685,13.19,2.5001,0.1069,0.2941,0.9682,0,0,0.1363,531,0
CY89JKWHYY,110735,387572,230698,3.5,2.0833,0.5952,0,0.2381,0.8333,1,0.1998,0.1342,603,0
CY8SKSJ3PF,92747,176219,500834,1.9,5.4,2.8421,0.0748,0.5263,1,0,0.2263,0.0773,606,0
CYAXX8IV8G,51154,81846,219962,1.6,4.3,2.6875,0,0.625,1,0,0.1968,0.0672,617,1
CYB8C3KPHV,30684,52163,147283,1.7,4.8,2.8235,0,0.5882,1,0,0.2193,0.0751,549,1
CYBLLYCZ1O,339872,962972,2747302,2.8333,8.0833,2.8529,0.0271,0.2941,0.8333,0,0.1328,0.1117,558,1
CYC955J5T4,83800,645260,16760,7.7,0.2,0.026,0,0.1299,1,0,0.1046,0.1297,677,0
CYE3ZLKT77,0,24686,44884,0,12.7546,1.8182,0,0.4545,1.0356,0,0.3176,0.257,540,1
CYECK8Z1H8,113185,158459,633836,1.4,5.6,4,0,0.7143,1,0,0.2684,0.0639,544,0
CYEUFOMTCA,248788,580504,1492726,2.3333,6,2.5714,0,0.3571,0.8333,0,0.0759,0.0889,596,0
CYF7SWG95Z,153309,129723,518892,0.8462,3.3846,4,0.0223,0.9091,0.7692,0,0.0866,0.0915,634,0
CYFOMMOR8H,70477,56382,288956,0.8,4.1,5.125,0.0839,1.25,1,0,0.2548,0.0927,606,0
CYGDWEUNBW,9825,1228,0,0.125,0,0,0.0399,10.0008,1.25,0,0.717,0.0718,669,0
CYH24B1JL7,30027,318286,39035,10.6,1.3,0.1226,0,0.0943,1,0,0.1422,0.1881,641,0
CYJX6VCV3S,256740,770221,2347341,3,9.1429,3.0476,0,0.2381,0.7143,0,0.0934,0.1016,566,0
CYKE155Z6S,259146,1922000,1662854,7.4167,6.4167,0.8652,0.1051,0.1124,0.8333,0,0.0289,0.2307,587,1
CYLRQ8WEAG,71471,903139,110456,12.6364,1.5455,0.1223,0,0.0719,0.9091,0,0.1052,0.1594,608,1
CYLX7V2K2H,140835,380254,1816772,2.7,12.9,4.7778,0,0.3704,1,0,0.0971,0.5237,506,1
CYPBUJZCQ1,23415,192526,41627,8.2223,1.7778,0.2162,0,0.1351,1.1111,0,0.1736,0.1702,663,0
CYPVTAB7T4,129221,1116003,281938,8.6364,2.1818,0.2526,0,0.1053,0.9091,1,0.0579,0.3009,637,1
CYRNUJ5IBF,0,68775,131298,7.876,12.3361,1.9091,0,0.303,1.1214,0,0,0.2236,497,1
CYSGIA3SRN,149199,287742,1257538,1.9286,8.4286,4.3704,0,0.3704,0.7143,0,0.1788,0.1602,557,1
CYSIPX3IKC,469173,597129,3796037,1.2727,8.0909,6.3571,0,0.7143,0.9091,0,0.0788,0.1149,486,0
CYU61X3US5,122839,368518,323849,3,2.6364,0.8788,0,0.303,0.9091,0,0.0382,0.2669,648,0
CYVS670TD8,215612,842847,1332875,3.9091,6.1818,1.5814,0,0.2326,0.9091,0,0.1244,0.146,632,1
CYWSA6SGL5,164658,120749,1284332,0.7333,7.8,10.6364,0,0.9091,0.6667,0,0.1064,0.1436,584,1
CYWSZ8UBTW,15937,0,37187,0,2.3334,0,0.2839,1.9753,1.1111,0,0.1082,0.1523,593,0
CYXAOHJVJD,81290,966445,162580,11.8889,2,0.1682,0,0.0935,1.1111,0,0.1186,0.1687,639,0
CYXAXRSKQU,8981,5613,0,0.625,0,0,0,2,1.25,0,0.4339,0.0706,636,0
CYXR7E9MBP,7226,7226,154960,1,21.4448,21.4448,0,1.1111,1.1111,0,0.2188,0.1939,425,1
CZ0Y3R6FMI,144289,230862,1010023,1.6,7,4.375,0,0.625,1,1,0.1797,0.0603,562,1
CZ3SPQAK77,164824,545188,621261,3.3077,3.7692,1.1395,0,0.2326,0.7692,0,0.1516,0.1578,629,0
CZ4G0L6599,251930,197945,2483310,0.7857,9.8571,12.5455,0,0.9091,0.7143,0,0.2482,0.183,525,1
CZ7HU7N1JC,4574,3268,0,0.7145,0,0,0,1.9997,1.4287,0,0.4622,0.0748,636,1
CZ7K3RYBUE,37575,75150,247995,2,6.6,3.3,0.0691,0.5,1,0,0.2129,0.0709,547,0
CZ7RMEE4B1,78987,57445,445197,0.7273,5.6363,7.75,0,1.25,0.9091,0,0.1572,0.0486,571,0
CZ8NMLY686,13186,4395,99627,0.3333,7.5555,22.6683,0.2764,3.3336,1.1111,0,0.1052,0.1477,574,1
CZ9GYJRBTO,263308,283563,2734358,1.0769,10.3846,9.6429,0,0.7143,0.7692,0,0.0913,0.1134,521,1
CZ9XKX99D6,107006,690674,1342436,6.4545,12.5454,1.9437,0.0967,0.1408,0.9091,1,0.0258,0.2168,531,0
CZA1JBMOSJ,123155,145547,1007631,1.1818,8.1818,6.9231,0,0.7692,0.9091,0,0.2515,0.0691,575,0
CZA5T1R7KH,436101,407028,1831624,0.9333,4.2,4.5,0.0178,0.7143,0.6667,0,0.0679,0.0851,691,1
CZBKXG2YCP,83816,963884,142487,11.5,1.7,0.1478,0,0.087,1,1,0.1068,0.132,628,0
CZCBASVATE,18226,0,553603,0,30.3744,20.725,0,1.877,1.25,0,0.1796,0.2451,388,0
CZEGU4SICC,25645,17952,251321,0.7,9.8,13.9996,0.3529,1.4285,1,0,0.1341,0.1355,519,0
CZEVTXBYEC,175426,593749,1376419,3.3846,7.8462,2.3182,0.0267,0.2273,0.7692,0,0.1008,0.0953,566,0
CZFKWZELZD,126227,126227,830993,1,6.5833,6.5833,0,0.8333,0.8333,0,0.106,0.1149,564,0
CZGU88LJU8,165210,690879,2207808,4.1818,13.3636,3.1957,0.0339,0.2174,0.9091,1,0.1289,0.1072,555,0
CZGZHF513X,69678,563762,931157,8.091,13.3637,1.6517,0.1508,0.1124,0.9091,0,0.0404,0.3117,518,1
CZI9GV5HZX,172144,1047207,2209176,6.0833,12.8333,2.1096,0.1131,0.137,0.8333,1,0.0304,0.2182,574,0
CZJCTPQINE,3935,984,0,0.2501,0,0,0.0745,4.999,1.2501,0,0.9997,0.1499,672,0
CZJHIF2MOW,63078,37847,473085,0.6,7.5,12.4999,0.073,1.6667,1,0,0.2233,0.0678,593,0
CZJRN4XX95,113983,82897,269415,0.7273,2.3636,3.25,0.0503,1.25,0.9091,0,0.1567,0.0616,575,0
CZJXRXWEN1,40076,40076,320610,1,8,8,0,0.9091,0.9091,0,0.2084,0.07,562,1
CZKDY4BMHI,176478,544140,1573596,3.0833,8.9167,2.8919,0.0561,0.2703,0.8333,0,0.2578,0.2111,558,1
CZKPJ7YM0X,279600,675700,3378500,2.4167,12.0833,5,0,0.3448,0.8333,1,0.1644,0.1221,538,1
CZLL0SIIME,215980,701934,1187888,3.25,5.5,1.6923,0,0.2564,0.8333,0,0.1367,0.1316,561,1
CZLTQPUYCF,388824,453628,2300542,1.1667,5.9167,5.0714,0.0184,0.7143,0.8333,0,0.0697,0.1039,543,0
CZMKW2O5RV,103993,75631,841397,0.7273,8.0909,11.125,0.0696,1.25,0.9091,0,0.2106,0.0695,555,0
CZP8X31GN9,39699,396990,3970,10,0.1,0.01,0,0.1,1,0,0.1525,0.186,619,0
CZPS645EDZ,192987,791247,1370208,4.1,7.1,1.7317,0,0.2439,1,0,0.0501,0.3844,587,0
CZPWHY47MO,18830,2354,393068,0.125,20.8746,166.9788,0,9.9987,1.25,0,0.1486,0.2105,411,0
CZQHJC9HDH,328892,1465066,5501471,4.4546,16.7273,3.7551,0,0.2041,0.9091,1,0.0297,0.2274,418,0
CZRA4MLB0P,81404,88805,680837,1.0909,8.3637,7.6667,0,0.8333,0.9091,0,0.3543,0.0864,589,1
CZSOD1KVFX,0,42428,30760,3.2379,8.1889,0.725,0,0.25,1.0668,0,0.3664,0.1656,499,0
CZWC76UAUT,36011,8002,604181,0.2222,16.7777,75.5037,0.2672,5.0002,1.1111,0,0.0996,0.168,507,0
CZZV5B3SAL,44266,309859,44266,6.9999,1,0.1429,0,0.1587,1.1111,0,0.1693,0.1891,657,0
